9,6,0,4,4,0.2475292505277088,-0.23685103115272768,-0.2432621530139748
9,6,1,4,4,0.2475292505277088,-0.2432621530139748,-0.18076538915602966
9,6,2,4,4,0.2475292505277088,-0.18076538915602966,-0.18862411542951737
9,6,3,4,4,0.2475292505277088,-0.18862411542951737,-0.1945207787719244
9,6,4,4,4,0.2475292505277088,-0.1945207787719244,-0.16473453037783706
9,6,5,4,4,0.2475292505277088,-0.16473453037783706,-0.19051681783381139
9,6,6,4,4,0.2475292505277088,-0.19051681783381139,-0.15222513647031943
9,6,7,4,4,0.2475292505277088,-0.15222513647031943,-0.11647186310299627
9,6,8,4,4,0.2475292505277088,-0.11647186310299627,-0.14077619758701906
9,6,9,4,4,0.2475292505277088,-0.14077619758701906,-0.12072648127999058
9,6,10,4,4,0.2475292505277088,-0.12072648127999058,-0.14727589619141254
9,6,11,4,4,0.2475292505277088,-0.14727589619141254,-0.13781117949151614
9,6,12,4,4,0.2475292505277088,-0.13781117949151614,-0.14478641408870216
9,6,13,4,4,0.2475292505277088,-0.14478641408870216,-0.11623578771529683
9,6,14,4,4,0.2475292505277088,-0.11623578771529683,-0.13359720705091796
9,6,15,4,4,0.2475292505277088,-0.13359720705091796,-0.12381593123908839
9,6,16,4,4,0.2475292505277088,-0.12381593123908839,-0.11499314891576697
9,6,17,4,4,0.2475292505277088,-0.11499314891576697,-0.1370901875328604
9,6,18,4,4,0.2475292505277088,-0.1370901875328604,-0.1315963926354791
9,6,19,4,4,0.2475292505277088,-0.1315963926354791,-0.14121764015609298
18,2,0,21,9,0.10903826133294447,-0.013607314474424953,-0.013777775952679719
18,2,1,21,9,0.10903826133294447,-0.013777775952679719,-0.013866010532729749
18,2,2,21,9,0.10903826133294447,-0.013866010532729749,-0.013125290970719577
18,2,3,21,9,0.10903826133294447,-0.013125290970719577,-0.014124007822544672
18,2,4,21,9,0.10903826133294447,-0.014124007822544672,-0.014718179887100748
18,2,5,21,9,0.10903826133294447,-0.014718179887100748,-0.011703486173447882
18,2,6,21,9,0.10903826133294447,-0.011703486173447882,-0.012138842870002471
18,2,7,21,9,0.10903826133294447,-0.012138842870002471,-0.012898990371991345
18,2,8,21,9,0.10903826133294447,-0.012898990371991345,-0.01360884901898567
18,2,9,21,9,0.10903826133294447,-0.01360884901898567,-0.016015387968144515
18,2,10,21,9,0.10903826133294447,-0.016015387968144515,-0.01432134908469806
18,2,11,21,9,0.10903826133294447,-0.01432134908469806,-0.014779915326760174
18,2,12,21,9,0.10903826133294447,-0.014779915326760174,-0.011851530695513347
18,2,13,21,9,0.10903826133294447,-0.011851530695513347,-0.012560999859379716
18,2,14,21,9,0.10903826133294447,-0.012560999859379716,-0.011359114381447408
18,2,15,21,9,0.10903826133294447,-0.011359114381447408,-0.011675312176375484
18,2,16,21,9,0.10903826133294447,-0.011675312176375484,-0.011208458922912976
18,2,17,21,9,0.10903826133294447,-0.011208458922912976,-0.013999253709467308
18,2,18,21,9,0.10903826133294447,-0.013999253709467308,-0.012625451138146759
18,2,19,21,9,0.10903826133294447,-0.012625451138146759,-0.01244385302965924
40,2,0,20,12,0.6636457560161985,-0.013515951865931918,-0.012185871323177097
40,2,1,20,12,0.6636457560161985,-0.012185871323177097,-0.012568140866980987
40,2,2,20,12,0.6636457560161985,-0.012568140866980987,-0.012263559510627855
40,2,3,20,12,0.6636457560161985,-0.012263559510627855,-0.013499900540469961
40,2,4,20,12,0.6636457560161985,-0.013499900540469961,-0.014824460141261203
40,2,5,20,12,0.6636457560161985,-0.014824460141261203,-0.014166649006262414
40,2,6,20,12,0.6636457560161985,-0.014166649006262414,-0.014333001294131552
40,2,7,20,12,0.6636457560161985,-0.014333001294131552,-0.01445712013188138
40,2,8,20,12,0.6636457560161985,-0.01445712013188138,-0.013103122369020299
40,2,9,20,12,0.6636457560161985,-0.013103122369020299,-0.015954888976132696
40,2,10,20,12,0.6636457560161985,-0.015954888976132696,-0.01383020949189019
40,2,11,20,12,0.6636457560161985,-0.01383020949189019,-0.01240950770769776
40,2,12,20,12,0.6636457560161985,-0.01240950770769776,-0.013648440581839926
40,2,13,20,12,0.6636457560161985,-0.013648440581839926,-0.012356807192874067
40,2,14,20,12,0.6636457560161985,-0.012356807192874067,-0.014328194127366817
40,2,15,20,12,0.6636457560161985,-0.014328194127366817,-0.013150978374968586
40,2,16,20,12,0.6636457560161985,-0.013150978374968586,-0.012626500852351936
40,2,17,20,12,0.6636457560161985,-0.012626500852351936,-0.013513869216549778
40,2,18,20,12,0.6636457560161985,-0.013513869216549778,-0.012879896764128002
40,2,19,20,12,0.6636457560161985,-0.012879896764128002,-0.013550768834513003
7,6,0,23,21,0.8321902859861319,-0.18199112663723502,-0.22209435864674362
7,6,1,23,21,0.8321902859861319,-0.22209435864674362,-0.27893316561120435
7,6,2,23,21,0.8321902859861319,-0.27893316561120435,-0.22677905067442203
7,6,3,23,21,0.8321902859861319,-0.22677905067442203,-0.26269130817827185
7,6,4,23,21,0.8321902859861319,-0.26269130817827185,-0.19221958327473776
7,6,5,23,21,0.8321902859861319,-0.19221958327473776,-0.2202523542691073
7,6,6,23,21,0.8321902859861319,-0.2202523542691073,-0.16998785563937968
7,6,7,23,21,0.8321902859861319,-0.16998785563937968,-0.18765095657682698
7,6,8,23,21,0.8321902859861319,-0.18765095657682698,-0.16917749508110305
7,6,9,23,21,0.8321902859861319,-0.16917749508110305,-0.17624139436042913
7,6,10,23,21,0.8321902859861319,-0.17624139436042913,-0.1772068983618015
7,6,11,23,21,0.8321902859861319,-0.1772068983618015,-0.14630312551318864
7,6,12,23,21,0.8321902859861319,-0.14630312551318864,-0.22272316474569107
7,6,13,23,21,0.8321902859861319,-0.22272316474569107,-0.19196449122358963
7,6,14,23,21,0.8321902859861319,-0.19196449122358963,-0.15556274380469867
7,6,15,23,21,0.8321902859861319,-0.15556274380469867,-0.19712791160745513
7,6,16,23,21,0.8321902859861319,-0.19712791160745513,-0.19443254066711288
7,6,17,23,21,0.8321902859861319,-0.19443254066711288,-0.21352612294065515
7,6,18,23,21,0.8321902859861319,-0.21352612294065515,-0.1994352660162486
7,6,19,23,21,0.8321902859861319,-0.1994352660162486,-0.1568808637721418
13,10,0,8,9,0.6451891485719261,-0.0638942097204327,-0.05796655627818035
13,10,1,8,9,0.6451891485719261,-0.05796655627818035,-0.048303505406501024
13,10,2,8,9,0.6451891485719261,-0.048303505406501024,-0.053595413615399684
13,10,3,8,9,0.6451891485719261,-0.053595413615399684,-0.06476072354477594
13,10,4,8,9,0.6451891485719261,-0.06476072354477594,-0.06883237971008131
13,10,5,8,9,0.6451891485719261,-0.06883237971008131,-0.04185986459840097
13,10,6,8,9,0.6451891485719261,-0.04185986459840097,-0.06682234086539997
13,10,7,8,9,0.6451891485719261,-0.06682234086539997,-0.06570941383507065
13,10,8,8,9,0.6451891485719261,-0.06570941383507065,-0.07046481533533838
13,10,9,8,9,0.6451891485719261,-0.07046481533533838,-0.05719192858394257
13,10,10,8,9,0.6451891485719261,-0.05719192858394257,-0.04618878909422688
13,10,11,8,9,0.6451891485719261,-0.04618878909422688,-0.05055968012555274
13,10,12,8,9,0.6451891485719261,-0.05055968012555274,-0.044976749515465715
13,10,13,8,9,0.6451891485719261,-0.044976749515465715,-0.08326753220416426
13,10,14,8,9,0.6451891485719261,-0.08326753220416426,-0.06883237971008131
13,10,15,8,9,0.6451891485719261,-0.06883237971008131,-0.044976749515465715
13,10,16,8,9,0.6451891485719261,-0.044976749515465715,-0.0839019862389967
13,10,17,8,9,0.6451891485719261,-0.0839019862389967,-0.07003909323795071
13,10,18,8,9,0.6451891485719261,-0.07003909323795071,-0.09811202606021217
13,10,19,8,9,0.6451891485719261,-0.09811202606021217,-0.08163177569126953
6,2,0,40,11,0.9947318187594735,-0.021602273605159306,-0.021503624998950734
6,2,1,40,11,0.9947318187594735,-0.021503624998950734,-0.016870544550609552
6,2,2,40,11,0.9947318187594735,-0.016870544550609552,-0.017037531583574413
6,2,3,40,11,0.9947318187594735,-0.017037531583574413,-0.014237475548094444
6,2,4,40,11,0.9947318187594735,-0.014237475548094444,-0.017092871344137322
6,2,5,40,11,0.9947318187594735,-0.017092871344137322,-0.01433289081574802
6,2,6,40,11,0.9947318187594735,-0.01433289081574802,-0.015018746919990928
6,2,7,40,11,0.9947318187594735,-0.015018746919990928,-0.015931975820957046
6,2,8,40,11,0.9947318187594735,-0.015931975820957046,-0.015808904241002758
6,2,9,40,11,0.9947318187594735,-0.015808904241002758,-0.01314694958016088
6,2,10,40,11,0.9947318187594735,-0.01314694958016088,-0.015158739144897446
6,2,11,40,11,0.9947318187594735,-0.015158739144897446,-0.012768794587584287
6,2,12,40,11,0.9947318187594735,-0.012768794587584287,-0.014935934246945058
6,2,13,40,11,0.9947318187594735,-0.014935934246945058,-0.012639565521930672
6,2,14,40,11,0.9947318187594735,-0.012639565521930672,-0.014418430964644941
6,2,15,40,11,0.9947318187594735,-0.014418430964644941,-0.014349192570214508
6,2,16,40,11,0.9947318187594735,-0.014349192570214508,-0.015276482897518892
6,2,17,40,11,0.9947318187594735,-0.015276482897518892,-0.012629131817693177
6,2,18,40,11,0.9947318187594735,-0.012629131817693177,-0.013281106614939003
6,2,19,40,11,0.9947318187594735,-0.013281106614939003,-0.013519626971851861
2,10,0,27,12,0.043687732309785066,-0.8985947256042328,-0.8520430406012895
2,10,1,27,12,0.043687732309785066,-0.8520430406012895,-0.8139968210188101
2,10,2,27,12,0.043687732309785066,-0.8139968210188101,-0.7249403603658032
2,10,3,27,12,0.043687732309785066,-0.7249403603658032,-0.666660883481648
2,10,4,27,12,0.043687732309785066,-0.666660883481648,-0.701636671766796
2,10,5,27,12,0.043687732309785066,-0.701636671766796,-0.6939203027212655
2,10,6,27,12,0.043687732309785066,-0.6939203027212655,-0.7219690130702887
2,10,7,27,12,0.043687732309785066,-0.7219690130702887,-0.6434687030680454
2,10,8,27,12,0.043687732309785066,-0.6434687030680454,-0.6576218659132671
2,10,9,27,12,0.043687732309785066,-0.6576218659132671,-0.7147486123598712
2,10,10,27,12,0.043687732309785066,-0.7147486123598712,-0.6826804130983748
2,10,11,27,12,0.043687732309785066,-0.6826804130983748,-0.7046836946672191
2,10,12,27,12,0.043687732309785066,-0.7046836946672191,-0.6582723177816153
2,10,13,27,12,0.043687732309785066,-0.6582723177816153,-0.6954670188760125
2,10,14,27,12,0.043687732309785066,-0.6954670188760125,-0.3835965581003999
2,10,15,27,12,0.043687732309785066,-0.3835965581003999,-0.2878555459042307
2,10,16,27,12,0.043687732309785066,-0.2878555459042307,-0.21862308632151642
2,10,17,27,12,0.043687732309785066,-0.21862308632151642,-0.10783606545538776
2,10,18,27,12,0.043687732309785066,-0.10783606545538776,-0.1523401390774271
2,10,19,27,12,0.043687732309785066,-0.1523401390774271,-0.11849858771798602
26,6,0,22,12,0.9020891963206249,-0.014575805872096314,-0.0068728989012534596
26,6,1,22,12,0.9020891963206249,-0.0068728989012534596,-0.008310684600623073
26,6,2,22,12,0.9020891963206249,-0.008310684600623073,-0.00844700179700124
26,6,3,22,12,0.9020891963206249,-0.00844700179700124,-0.005017609907413978
26,6,4,22,12,0.9020891963206249,-0.005017609907413978,-0.007159199642224245
26,6,5,22,12,0.9020891963206249,-0.007159199642224245,-0.002638707382023723
26,6,6,22,12,0.9020891963206249,-0.002638707382023723,-0.0040423552372318
26,6,7,22,12,0.9020891963206249,-0.0040423552372318,-0.002357873158143145
26,6,8,22,12,0.9020891963206249,-0.002357873158143145,-0.0016793594875275546
26,6,9,22,12,0.9020891963206249,-0.0016793594875275546,-0.0025422786163600145
26,6,10,22,12,0.9020891963206249,-0.0025422786163600145,-0.002964060725852531
26,6,11,22,12,0.9020891963206249,-0.002964060725852531,-0.0015542713827283018
26,6,12,22,12,0.9020891963206249,-0.0015542713827283018,-0.0010138988510089372
26,6,13,22,12,0.9020891963206249,-0.0010138988510089372,-0.0012489722885358262
26,6,14,22,12,0.9020891963206249,-0.0012489722885358262,-0.00242331327827967
26,6,15,22,12,0.9020891963206249,-0.00242331327827967,-0.0015284323870043569
26,6,16,22,12,0.9020891963206249,-0.0015284323870043569,-0.0010204508296364934
26,6,17,22,12,0.9020891963206249,-0.0010204508296364934,-0.0012508767536510135
26,6,18,22,12,0.9020891963206249,-0.0012508767536510135,-0.001268430316276275
26,6,19,22,12,0.9020891963206249,-0.001268430316276275,-0.002654167863581405
12,2,0,49,4,0.5723401395883682,-0.011910366660784684,-0.01390767663514704
12,2,1,49,4,0.5723401395883682,-0.01390767663514704,-0.014851456820640265
12,2,2,49,4,0.5723401395883682,-0.014851456820640265,-0.013450183135050591
12,2,3,49,4,0.5723401395883682,-0.013450183135050591,-0.01320734593847377
12,2,4,49,4,0.5723401395883682,-0.01320734593847377,-0.014048680577963104
12,2,5,49,4,0.5723401395883682,-0.014048680577963104,-0.014255291599448171
12,2,6,49,4,0.5723401395883682,-0.014255291599448171,-0.013265445909184308
12,2,7,49,4,0.5723401395883682,-0.013265445909184308,-0.014162296687819239
12,2,8,49,4,0.5723401395883682,-0.014162296687819239,-0.0138323860772042
12,2,9,49,4,0.5723401395883682,-0.0138323860772042,-0.014434824665888399
12,2,10,49,4,0.5723401395883682,-0.014434824665888399,-0.011788023619328368
12,2,11,49,4,0.5723401395883682,-0.011788023619328368,-0.012961284315645619
12,2,12,49,4,0.5723401395883682,-0.012961284315645619,-0.011184455588386804
12,2,13,49,4,0.5723401395883682,-0.011184455588386804,-0.012374527672451832
12,2,14,49,4,0.5723401395883682,-0.012374527672451832,-0.012746966399999246
12,2,15,49,4,0.5723401395883682,-0.012746966399999246,-0.012393287814471845
12,2,16,49,4,0.5723401395883682,-0.012393287814471845,-0.013507113112063545
12,2,17,49,4,0.5723401395883682,-0.013507113112063545,-0.013026818277849584
12,2,18,49,4,0.5723401395883682,-0.013026818277849584,-0.014138294369635858
12,2,19,49,4,0.5723401395883682,-0.014138294369635858,-0.012318514713172732
36,6,0,17,21,0.6432289594713126,-0.00661701080952453,-0.0007105747728541243
36,6,1,17,21,0.6432289594713126,-0.0007105747728541243,-0.00162585748274349
36,6,2,17,21,0.6432289594713126,-0.00162585748274349,-0.0019126459501388028
36,6,3,17,21,0.6432289594713126,-0.0019126459501388028,-0.0012295478783698774
36,6,4,17,21,0.6432289594713126,-0.0012295478783698774,-0.0014274922292949242
36,6,5,17,21,0.6432289594713126,-0.0014274922292949242,-0.0013002004269272286
36,6,6,17,21,0.6432289594713126,-0.0013002004269272286,-0.0014998063129127606
36,6,7,17,21,0.6432289594713126,-0.0014998063129127606,-0.001308900955362486
36,6,8,17,21,0.6432289594713126,-0.001308900955362486,-0.0016471256704668233
36,6,9,17,21,0.6432289594713126,-0.0016471256704668233,-0.0025973892103974073
36,6,10,17,21,0.6432289594713126,-0.0025973892103974073,-0.002222055220386439
36,6,11,17,21,0.6432289594713126,-0.002222055220386439,-0.0018143572157707053
36,6,12,17,21,0.6432289594713126,-0.0018143572157707053,-0.002589803530582478
36,6,13,17,21,0.6432289594713126,-0.002589803530582478,-0.0014042208935088568
36,6,14,17,21,0.6432289594713126,-0.0014042208935088568,-0.0017386146498621824
36,6,15,17,21,0.6432289594713126,-0.0017386146498621824,-0.0023244612626406964
36,6,16,17,21,0.6432289594713126,-0.0023244612626406964,-0.0014836686461402223
36,6,17,17,21,0.6432289594713126,-0.0014836686461402223,-0.002245991152572214
36,6,18,17,21,0.6432289594713126,-0.002245991152572214,-0.004162630088142254
36,6,19,17,21,0.6432289594713126,-0.004162630088142254,-0.004121285805532341
27,4,0,18,21,0.23969790799218282,-0.009535102696534887,-0.007996285727832404
27,4,1,18,21,0.23969790799218282,-0.007996285727832404,-0.004757446490212002
27,4,2,18,21,0.23969790799218282,-0.004757446490212002,-0.008619177639606504
27,4,3,18,21,0.23969790799218282,-0.008619177639606504,-0.010179638587751191
27,4,4,18,21,0.23969790799218282,-0.010179638587751191,-0.009212207585031268
27,4,5,18,21,0.23969790799218282,-0.009212207585031268,-0.01327452391563295
27,4,6,18,21,0.23969790799218282,-0.01327452391563295,-0.011094759939127336
27,4,7,18,21,0.23969790799218282,-0.011094759939127336,-0.01736579472265683
27,4,8,18,21,0.23969790799218282,-0.01736579472265683,-0.010268701373640355
27,4,9,18,21,0.23969790799218282,-0.010268701373640355,-0.013094625621597114
27,4,10,18,21,0.23969790799218282,-0.013094625621597114,-0.009968300867209014
27,4,11,18,21,0.23969790799218282,-0.009968300867209014,-0.009116178775276476
27,4,12,18,21,0.23969790799218282,-0.009116178775276476,-0.009979362595301298
27,4,13,18,21,0.23969790799218282,-0.009979362595301298,-0.008032919947981212
27,4,14,18,21,0.23969790799218282,-0.008032919947981212,-0.00783500305329674
27,4,15,18,21,0.23969790799218282,-0.00783500305329674,-0.012476593946105863
27,4,16,18,21,0.23969790799218282,-0.012476593946105863,-0.011839905271994943
27,4,17,18,21,0.23969790799218282,-0.011839905271994943,-0.012183566566439647
27,4,18,18,21,0.23969790799218282,-0.012183566566439647,-0.01619660062570611
27,4,19,18,21,0.23969790799218282,-0.01619660062570611,-0.007103296048905371
32,8,0,2,21,0.03310154775598462,-0.04351317580202119,-0.04049360604886042
32,8,1,2,21,0.03310154775598462,-0.04049360604886042,-0.03635116294189138
32,8,2,2,21,0.03310154775598462,-0.03635116294189138,-0.028086335050734816
32,8,3,2,21,0.03310154775598462,-0.028086335050734816,-0.03758357482592999
32,8,4,2,21,0.03310154775598462,-0.03758357482592999,-0.03841504694053963
32,8,5,2,21,0.03310154775598462,-0.03841504694053963,-0.0472927892144914
32,8,6,2,21,0.03310154775598462,-0.0472927892144914,-0.036038400727731235
32,8,7,2,21,0.03310154775598462,-0.036038400727731235,-0.04302776666097713
32,8,8,2,21,0.03310154775598462,-0.04302776666097713,-0.04362651105509216
32,8,9,2,21,0.03310154775598462,-0.04362651105509216,-0.04914731911833414
32,8,10,2,21,0.03310154775598462,-0.04914731911833414,-0.03279192954001488
32,8,11,2,21,0.03310154775598462,-0.03279192954001488,-0.05294836167021712
32,8,12,2,21,0.03310154775598462,-0.05294836167021712,-0.05878077554445705
32,8,13,2,21,0.03310154775598462,-0.05878077554445705,-0.028357878321315824
32,8,14,2,21,0.03310154775598462,-0.028357878321315824,-0.04159304907959189
32,8,15,2,21,0.03310154775598462,-0.04159304907959189,-0.03979479014803121
32,8,16,2,21,0.03310154775598462,-0.03979479014803121,-0.03729677481220901
32,8,17,2,21,0.03310154775598462,-0.03729677481220901,-0.02840664193470272
32,8,18,2,21,0.03310154775598462,-0.02840664193470272,-0.0458187897138182
32,8,19,2,21,0.03310154775598462,-0.0458187897138182,-0.04953142746680053
13,3,0,63,21,0.5496962842238048,-0.013383165850741736,-0.009666341528660695
13,3,1,63,21,0.5496962842238048,-0.009666341528660695,-0.01002841046039235
13,3,2,63,21,0.5496962842238048,-0.01002841046039235,-0.008421178282415624
13,3,3,63,21,0.5496962842238048,-0.008421178282415624,-0.009449030163222738
13,3,4,63,21,0.5496962842238048,-0.009449030163222738,-0.00904658873821369
13,3,5,63,21,0.5496962842238048,-0.00904658873821369,-0.010269019113390461
13,3,6,63,21,0.5496962842238048,-0.010269019113390461,-0.005756541207143252
13,3,7,63,21,0.5496962842238048,-0.005756541207143252,-0.009005590051159862
13,3,8,63,21,0.5496962842238048,-0.009005590051159862,-0.00963096986350144
13,3,9,63,21,0.5496962842238048,-0.00963096986350144,-0.00867290518004807
13,3,10,63,21,0.5496962842238048,-0.00867290518004807,-0.009473377531991251
13,3,11,63,21,0.5496962842238048,-0.009473377531991251,-0.010173601303749027
13,3,12,63,21,0.5496962842238048,-0.010173601303749027,-0.01016523646374195
13,3,13,63,21,0.5496962842238048,-0.01016523646374195,-0.009418089414931987
13,3,14,63,21,0.5496962842238048,-0.009418089414931987,-0.008719927113006202
13,3,15,63,21,0.5496962842238048,-0.008719927113006202,-0.00957207693774598
13,3,16,63,21,0.5496962842238048,-0.00957207693774598,-0.00757189488638131
13,3,17,63,21,0.5496962842238048,-0.00757189488638131,-0.01006457449447546
13,3,18,63,21,0.5496962842238048,-0.01006457449447546,-0.008751972947056695
13,3,19,63,21,0.5496962842238048,-0.008751972947056695,-0.0069620681292156365
20,2,0,38,14,0.8403545995399017,-0.014147275556801434,-0.012504328689046922
20,2,1,38,14,0.8403545995399017,-0.012504328689046922,-0.01293971060497173
20,2,2,38,14,0.8403545995399017,-0.01293971060497173,-0.012640634041383915
20,2,3,38,14,0.8403545995399017,-0.012640634041383915,-0.012532378736988033
20,2,4,38,14,0.8403545995399017,-0.012532378736988033,-0.012923488037904508
20,2,5,38,14,0.8403545995399017,-0.012923488037904508,-0.01369948495542372
20,2,6,38,14,0.8403545995399017,-0.01369948495542372,-0.011995629817857461
20,2,7,38,14,0.8403545995399017,-0.011995629817857461,-0.01227321158701199
20,2,8,38,14,0.8403545995399017,-0.01227321158701199,-0.012124752505108737
20,2,9,38,14,0.8403545995399017,-0.012124752505108737,-0.014016423712532191
20,2,10,38,14,0.8403545995399017,-0.014016423712532191,-0.011748405626895598
20,2,11,38,14,0.8403545995399017,-0.011748405626895598,-0.013632165698450117
20,2,12,38,14,0.8403545995399017,-0.013632165698450117,-0.009832747559436113
20,2,13,38,14,0.8403545995399017,-0.009832747559436113,-0.011351196968661352
20,2,14,38,14,0.8403545995399017,-0.011351196968661352,-0.012628659109374768
20,2,15,38,14,0.8403545995399017,-0.012628659109374768,-0.013067406759093644
20,2,16,38,14,0.8403545995399017,-0.013067406759093644,-0.011699149731930755
20,2,17,38,14,0.8403545995399017,-0.011699149731930755,-0.012554563702032076
20,2,18,38,14,0.8403545995399017,-0.012554563702032076,-0.013864857067875524
20,2,19,38,14,0.8403545995399017,-0.013864857067875524,-0.013528014523764799
39,9,0,11,5,0.09023596121276944,-0.004820902383800187,-0.004820902383800187
39,9,1,11,5,0.09023596121276944,-0.004820902383800187,-0.0007707650329094928
39,9,2,11,5,0.09023596121276944,-0.0007707650329094928,-0.0025064609658368778
39,9,3,11,5,0.09023596121276944,-0.0025064609658368778,-0.0025064609658368778
39,9,4,11,5,0.09023596121276944,-0.0025064609658368778,-0.0018519546355684328
39,9,5,11,5,0.09023596121276944,-0.0018519546355684328,-0.00037308554574924684
39,9,6,11,5,0.09023596121276944,-0.00037308554574924684,-0.0007707650329094928
39,9,7,11,5,0.09023596121276944,-0.0007707650329094928,-1.0485250384955198e-06
39,9,8,11,5,0.09023596121276944,-1.0485250384955198e-06,-0.0012693727143999593
39,9,9,11,5,0.09023596121276944,-0.0012693727143999593,-0.00037308554574924684
39,9,10,11,5,0.09023596121276944,-0.00037308554574924684,-0.0007707650329094928
39,9,11,11,5,0.09023596121276944,-0.0007707650329094928,-0.00037308554574924684
39,9,12,11,5,0.09023596121276944,-0.00037308554574924684,-0.0007707650329094928
39,9,13,11,5,0.09023596121276944,-0.0007707650329094928,-0.00037308554574924684
39,9,14,11,5,0.09023596121276944,-0.00037308554574924684,-0.00037308554574924684
39,9,15,11,5,0.09023596121276944,-0.00037308554574924684,-0.00037308554574924684
39,9,16,11,5,0.09023596121276944,-0.00037308554574924684,-0.00037308554574924684
39,9,17,11,5,0.09023596121276944,-0.00037308554574924684,-0.0007707650329094928
39,9,18,11,5,0.09023596121276944,-0.0007707650329094928,-0.0001019923292093014
39,9,19,11,5,0.09023596121276944,-0.0001019923292093014,-0.0012693727143999593
4,6,0,49,3,0.8132816284251176,-0.30569927309535494,-0.22242274096940415
4,6,1,49,3,0.8132816284251176,-0.22242274096940415,-0.21033696023808582
4,6,2,49,3,0.8132816284251176,-0.21033696023808582,-0.20961113005608223
4,6,3,49,3,0.8132816284251176,-0.20961113005608223,-0.2158901889644675
4,6,4,49,3,0.8132816284251176,-0.2158901889644675,-0.2269592843291255
4,6,5,49,3,0.8132816284251176,-0.2269592843291255,-0.2349669970795803
4,6,6,49,3,0.8132816284251176,-0.2349669970795803,-0.23941941389877963
4,6,7,49,3,0.8132816284251176,-0.23941941389877963,-0.23263232675135262
4,6,8,49,3,0.8132816284251176,-0.23263232675135262,-0.19400937926505699
4,6,9,49,3,0.8132816284251176,-0.19400937926505699,-0.20524140152429923
4,6,10,49,3,0.8132816284251176,-0.20524140152429923,-0.20821565567440925
4,6,11,49,3,0.8132816284251176,-0.20821565567440925,-0.21840103750416934
4,6,12,49,3,0.8132816284251176,-0.21840103750416934,-0.23094231907203308
4,6,13,49,3,0.8132816284251176,-0.23094231907203308,-0.24231617395075813
4,6,14,49,3,0.8132816284251176,-0.24231617395075813,-0.24838646822880303
4,6,15,49,3,0.8132816284251176,-0.24838646822880303,-0.20811671855756605
4,6,16,49,3,0.8132816284251176,-0.20811671855756605,-0.21847274950672105
4,6,17,49,3,0.8132816284251176,-0.21847274950672105,-0.22307072098240668
4,6,18,49,3,0.8132816284251176,-0.22307072098240668,-0.21811879816797722
4,6,19,49,3,0.8132816284251176,-0.21811879816797722,-0.2282698702081566
3,6,0,97,6,0.023511150723909968,-0.3139010077212012,-0.2622789355604474
3,6,1,97,6,0.023511150723909968,-0.2622789355604474,-0.2294997423872853
3,6,2,97,6,0.023511150723909968,-0.2294997423872853,-0.23636948429245805
3,6,3,97,6,0.023511150723909968,-0.23636948429245805,-0.22084373737537802
3,6,4,97,6,0.023511150723909968,-0.22084373737537802,-0.22349528684713119
3,6,5,97,6,0.023511150723909968,-0.22349528684713119,-0.22423681402822573
3,6,6,97,6,0.023511150723909968,-0.22423681402822573,-0.2062934257264088
3,6,7,97,6,0.023511150723909968,-0.2062934257264088,-0.2193818815701741
3,6,8,97,6,0.023511150723909968,-0.2193818815701741,-0.23252428934195665
3,6,9,97,6,0.023511150723909968,-0.23252428934195665,-0.21245213432381807
3,6,10,97,6,0.023511150723909968,-0.21245213432381807,-0.21758700583849924
3,6,11,97,6,0.023511150723909968,-0.21758700583849924,-0.23802717264102444
3,6,12,97,6,0.023511150723909968,-0.23802717264102444,-0.20358738934329956
3,6,13,97,6,0.023511150723909968,-0.20358738934329956,-0.2128534285787663
3,6,14,97,6,0.023511150723909968,-0.2128534285787663,-0.23441554504412296
3,6,15,97,6,0.023511150723909968,-0.23441554504412296,-0.22000127871449696
3,6,16,97,6,0.023511150723909968,-0.22000127871449696,-0.22536670364838055
3,6,17,97,6,0.023511150723909968,-0.22536670364838055,-0.2217198141023459
3,6,18,97,6,0.023511150723909968,-0.2217198141023459,-0.2387868720852498
3,6,19,97,6,0.023511150723909968,-0.2387868720852498,-0.2086157453556056
14,3,0,98,17,0.08913430951126589,-0.00975990549116046,-0.010282504179030589
14,3,1,98,17,0.08913430951126589,-0.010282504179030589,-0.00977953538128186
14,3,2,98,17,0.08913430951126589,-0.00977953538128186,-0.006843192921132186
14,3,3,98,17,0.08913430951126589,-0.006843192921132186,-0.009650149209543536
14,3,4,98,17,0.08913430951126589,-0.009650149209543536,-0.008998675765711693
14,3,5,98,17,0.08913430951126589,-0.008998675765711693,-0.008767035389749687
14,3,6,98,17,0.08913430951126589,-0.008767035389749687,-0.008971212165608984
14,3,7,98,17,0.08913430951126589,-0.008971212165608984,-0.008433258511602874
14,3,8,98,17,0.08913430951126589,-0.008433258511602874,-0.008680086061662423
14,3,9,98,17,0.08913430951126589,-0.008680086061662423,-0.007581515957139629
14,3,10,98,17,0.08913430951126589,-0.007581515957139629,-0.00756475153015087
14,3,11,98,17,0.08913430951126589,-0.00756475153015087,-0.008449062398996728
14,3,12,98,17,0.08913430951126589,-0.008449062398996728,-0.008853321014467208
14,3,13,98,17,0.08913430951126589,-0.008853321014467208,-0.008248937336160838
14,3,14,98,17,0.08913430951126589,-0.008248937336160838,-0.008948863759083717
14,3,15,98,17,0.08913430951126589,-0.008948863759083717,-0.007821960629022918
14,3,16,98,17,0.08913430951126589,-0.007821960629022918,-0.008805965120711695
14,3,17,98,17,0.08913430951126589,-0.008805965120711695,-0.008959038139940654
14,3,18,98,17,0.08913430951126589,-0.008959038139940654,-0.008571193442736064
14,3,19,98,17,0.08913430951126589,-0.008571193442736064,-0.008014636170029382
22,2,0,101,2,0.9243253282368037,-0.012767023046201292,-0.011342879549234337
22,2,1,101,2,0.9243253282368037,-0.011342879549234337,-0.012104702042850236
22,2,2,101,2,0.9243253282368037,-0.012104702042850236,-0.011679295541058022
22,2,3,101,2,0.9243253282368037,-0.011679295541058022,-0.012001201110674207
22,2,4,101,2,0.9243253282368037,-0.012001201110674207,-0.011221436909318563
22,2,5,101,2,0.9243253282368037,-0.011221436909318563,-0.01227327017992983
22,2,6,101,2,0.9243253282368037,-0.01227327017992983,-0.010504253954628577
22,2,7,101,2,0.9243253282368037,-0.010504253954628577,-0.013084727937280343
22,2,8,101,2,0.9243253282368037,-0.013084727937280343,-0.011486674743284207
22,2,9,101,2,0.9243253282368037,-0.011486674743284207,-0.011646849608786503
22,2,10,101,2,0.9243253282368037,-0.011646849608786503,-0.011285471167585165
22,2,11,101,2,0.9243253282368037,-0.011285471167585165,-0.01109075422516718
22,2,12,101,2,0.9243253282368037,-0.01109075422516718,-0.012244670286897033
22,2,13,101,2,0.9243253282368037,-0.012244670286897033,-0.009982488774162187
22,2,14,101,2,0.9243253282368037,-0.009982488774162187,-0.013825492748470614
22,2,15,101,2,0.9243253282368037,-0.013825492748470614,-0.011543914925407356
22,2,16,101,2,0.9243253282368037,-0.011543914925407356,-0.011014473676138581
22,2,17,101,2,0.9243253282368037,-0.011014473676138581,-0.012262619965819876
22,2,18,101,2,0.9243253282368037,-0.012262619965819876,-0.01212214658877151
22,2,19,101,2,0.9243253282368037,-0.01212214658877151,-0.01118988177377325
26,3,0,88,13,0.7568441593285501,-0.009281114861036995,-0.008630463363712303
26,3,1,88,13,0.7568441593285501,-0.008630463363712303,-0.0077181154339524705
26,3,2,88,13,0.7568441593285501,-0.0077181154339524705,-0.00957520903049818
26,3,3,88,13,0.7568441593285501,-0.00957520903049818,-0.009368975575420057
26,3,4,88,13,0.7568441593285501,-0.009368975575420057,-0.00877526977120106
26,3,5,88,13,0.7568441593285501,-0.00877526977120106,-0.00846043735205463
26,3,6,88,13,0.7568441593285501,-0.00846043735205463,-0.008483394215634297
26,3,7,88,13,0.7568441593285501,-0.008483394215634297,-0.008553139673616874
26,3,8,88,13,0.7568441593285501,-0.008553139673616874,-0.00778126439101449
26,3,9,88,13,0.7568441593285501,-0.00778126439101449,-0.009035176852512462
26,3,10,88,13,0.7568441593285501,-0.009035176852512462,-0.007062984806737684
26,3,11,88,13,0.7568441593285501,-0.007062984806737684,-0.007428881478305963
26,3,12,88,13,0.7568441593285501,-0.007428881478305963,-0.00989940893915547
26,3,13,88,13,0.7568441593285501,-0.00989940893915547,-0.009593253176914177
26,3,14,88,13,0.7568441593285501,-0.009593253176914177,-0.007480258015764818
26,3,15,88,13,0.7568441593285501,-0.007480258015764818,-0.008568660403548782
26,3,16,88,13,0.7568441593285501,-0.008568660403548782,-0.009628960633718302
26,3,17,88,13,0.7568441593285501,-0.009628960633718302,-0.009006655118742789
26,3,18,88,13,0.7568441593285501,-0.009006655118742789,-0.0073787274785525455
26,3,19,88,13,0.7568441593285501,-0.0073787274785525455,-0.008975444052761095
9,8,0,56,13,0.7368047118971447,-0.1064231068675854,-0.10387795967481643
9,8,1,56,13,0.7368047118971447,-0.10387795967481643,-0.08996125539040956
9,8,2,56,13,0.7368047118971447,-0.08996125539040956,-0.06500147729763715
9,8,3,56,13,0.7368047118971447,-0.06500147729763715,-0.06807856850947694
9,8,4,56,13,0.7368047118971447,-0.06807856850947694,-0.07762462570303685
9,8,5,56,13,0.7368047118971447,-0.07762462570303685,-0.06084366772392234
9,8,6,56,13,0.7368047118971447,-0.06084366772392234,-0.062277423142805675
9,8,7,56,13,0.7368047118971447,-0.062277423142805675,-0.05981618793727111
9,8,8,56,13,0.7368047118971447,-0.05981618793727111,-0.044946342529050116
9,8,9,56,13,0.7368047118971447,-0.044946342529050116,-0.05230871047076041
9,8,10,56,13,0.7368047118971447,-0.05230871047076041,-0.04345476543536277
9,8,11,56,13,0.7368047118971447,-0.04345476543536277,-0.032591397119535306
9,8,12,56,13,0.7368047118971447,-0.032591397119535306,-0.0381116154766732
9,8,13,56,13,0.7368047118971447,-0.0381116154766732,-0.04317506376550525
9,8,14,56,13,0.7368047118971447,-0.04317506376550525,-0.03273879198574333
9,8,15,56,13,0.7368047118971447,-0.03273879198574333,-0.019761973341268106
9,8,16,56,13,0.7368047118971447,-0.019761973341268106,-0.0246808576582739
9,8,17,56,13,0.7368047118971447,-0.0246808576582739,-0.03173068376906621
9,8,18,56,13,0.7368047118971447,-0.03173068376906621,-0.01732484168089158
9,8,19,56,13,0.7368047118971447,-0.01732484168089158,-0.024097816354153707
13,8,0,63,20,0.04630927026706666,-0.07386546590332921,-0.07589336442145382
13,8,1,63,20,0.04630927026706666,-0.07589336442145382,-0.040236685706546184
13,8,2,63,20,0.04630927026706666,-0.040236685706546184,-0.04188032212506126
13,8,3,63,20,0.04630927026706666,-0.04188032212506126,-0.04146566545028581
13,8,4,63,20,0.04630927026706666,-0.04146566545028581,-0.0314228595726321
13,8,5,63,20,0.04630927026706666,-0.0314228595726321,-0.027427998781957456
13,8,6,63,20,0.04630927026706666,-0.027427998781957456,-0.024555309523474754
13,8,7,63,20,0.04630927026706666,-0.024555309523474754,-0.02454618506874291
13,8,8,63,20,0.04630927026706666,-0.02454618506874291,-0.020212128732136517
13,8,9,63,20,0.04630927026706666,-0.020212128732136517,-0.01331466452598572
13,8,10,63,20,0.04630927026706666,-0.01331466452598572,-0.01741390804094538
13,8,11,63,20,0.04630927026706666,-0.01741390804094538,-0.01187051927666309
13,8,12,63,20,0.04630927026706666,-0.01187051927666309,-0.01802515296667069
13,8,13,63,20,0.04630927026706666,-0.01802515296667069,-0.013818600159382192
13,8,14,63,20,0.04630927026706666,-0.013818600159382192,-0.016022069813722953
13,8,15,63,20,0.04630927026706666,-0.016022069813722953,-0.012351912708605348
13,8,16,63,20,0.04630927026706666,-0.012351912708605348,-0.014703305060814863
13,8,17,63,20,0.04630927026706666,-0.014703305060814863,-0.01193057948453126
13,8,18,63,20,0.04630927026706666,-0.01193057948453126,-0.014164177623435168
13,8,19,63,20,0.04630927026706666,-0.014164177623435168,-0.010587651507392616
3,5,0,38,11,0.44878159522183925,-0.3281498876657156,-0.2904779755294745
3,5,1,38,11,0.44878159522183925,-0.2904779755294745,-0.29813980999376744
3,5,2,38,11,0.44878159522183925,-0.29813980999376744,-0.2791087764319729
3,5,3,38,11,0.44878159522183925,-0.2791087764319729,-0.24442741656093606
3,5,4,38,11,0.44878159522183925,-0.24442741656093606,-0.2548320867875291
3,5,5,38,11,0.44878159522183925,-0.2548320867875291,-0.2179843605721212
3,5,6,38,11,0.44878159522183925,-0.2179843605721212,-0.2198699370434297
3,5,7,38,11,0.44878159522183925,-0.2198699370434297,-0.18816585636460753
3,5,8,38,11,0.44878159522183925,-0.18816585636460753,-0.21576990823103454
3,5,9,38,11,0.44878159522183925,-0.21576990823103454,-0.2222647897547585
3,5,10,38,11,0.44878159522183925,-0.2222647897547585,-0.2047607869312096
3,5,11,38,11,0.44878159522183925,-0.2047607869312096,-0.21558769098667135
3,5,12,38,11,0.44878159522183925,-0.21558769098667135,-0.2172303765448451
3,5,13,38,11,0.44878159522183925,-0.2172303765448451,-0.19427454652075382
3,5,14,38,11,0.44878159522183925,-0.19427454652075382,-0.20267780817538503
3,5,15,38,11,0.44878159522183925,-0.20267780817538503,-0.19474494737687234
3,5,16,38,11,0.44878159522183925,-0.19474494737687234,-0.21259561178614625
3,5,17,38,11,0.44878159522183925,-0.21259561178614625,-0.20868485114085353
3,5,18,38,11,0.44878159522183925,-0.20868485114085353,-0.21155923190854478
3,5,19,38,11,0.44878159522183925,-0.21155923190854478,-0.20418287575331992
11,5,0,17,16,0.06532212080542776,-0.10936680304819464,-0.050658769594806724
11,5,1,17,16,0.06532212080542776,-0.050658769594806724,-0.042972454187016604
11,5,2,17,16,0.06532212080542776,-0.042972454187016604,-0.030757364935533202
11,5,3,17,16,0.06532212080542776,-0.030757364935533202,-0.05594242712506626
11,5,4,17,16,0.06532212080542776,-0.05594242712506626,-0.040097475610477044
11,5,5,17,16,0.06532212080542776,-0.040097475610477044,-0.04627219974896747
11,5,6,17,16,0.06532212080542776,-0.04627219974896747,-0.03897434622553155
11,5,7,17,16,0.06532212080542776,-0.03897434622553155,-0.059861179132836076
11,5,8,17,16,0.06532212080542776,-0.059861179132836076,-0.04528438525569456
11,5,9,17,16,0.06532212080542776,-0.04528438525569456,-0.03670649620093631
11,5,10,17,16,0.06532212080542776,-0.03670649620093631,-0.05497347643124351
11,5,11,17,16,0.06532212080542776,-0.05497347643124351,-0.06757031803823853
11,5,12,17,16,0.06532212080542776,-0.06757031803823853,-0.06086525050937624
11,5,13,17,16,0.06532212080542776,-0.06086525050937624,-0.0690325898752043
11,5,14,17,16,0.06532212080542776,-0.0690325898752043,-0.07671291012938261
11,5,15,17,16,0.06532212080542776,-0.07671291012938261,-0.06516010848343788
11,5,16,17,16,0.06532212080542776,-0.06516010848343788,-0.06940904955220169
11,5,17,17,16,0.06532212080542776,-0.06940904955220169,-0.13658520399246663
11,5,18,17,16,0.06532212080542776,-0.13658520399246663,-0.1180264922411286
11,5,19,17,16,0.06532212080542776,-0.1180264922411286,-0.10526799008735441
30,6,0,29,3,0.8463996147493554,-0.009229737738739129,-0.004766611762608116
30,6,1,29,3,0.8463996147493554,-0.004766611762608116,-0.00455732791343147
30,6,2,29,3,0.8463996147493554,-0.00455732791343147,-0.003139522799312606
30,6,3,29,3,0.8463996147493554,-0.003139522799312606,-0.0016555003604989695
30,6,4,29,3,0.8463996147493554,-0.0016555003604989695,-0.004193449086153165
30,6,5,29,3,0.8463996147493554,-0.004193449086153165,-0.003857936027237767
30,6,6,29,3,0.8463996147493554,-0.003857936027237767,-0.0034533252941667467
30,6,7,29,3,0.8463996147493554,-0.0034533252941667467,-0.00320458310322867
30,6,8,29,3,0.8463996147493554,-0.00320458310322867,-0.004338365767237819
30,6,9,29,3,0.8463996147493554,-0.004338365767237819,-0.004530272962358779
30,6,10,29,3,0.8463996147493554,-0.004530272962358779,-0.003263739948297303
30,6,11,29,3,0.8463996147493554,-0.003263739948297303,-0.0026356125510683063
30,6,12,29,3,0.8463996147493554,-0.0026356125510683063,-0.0026094689289980974
30,6,13,29,3,0.8463996147493554,-0.0026094689289980974,-0.002111353033746121
30,6,14,29,3,0.8463996147493554,-0.002111353033746121,-0.004134637841890087
30,6,15,29,3,0.8463996147493554,-0.004134637841890087,-0.0026774834806955177
30,6,16,29,3,0.8463996147493554,-0.0026774834806955177,-0.0036833127530805886
30,6,17,29,3,0.8463996147493554,-0.0036833127530805886,-0.004687202227990493
30,6,18,29,3,0.8463996147493554,-0.004687202227990493,-0.004513623413025635
30,6,19,29,3,0.8463996147493554,-0.004513623413025635,-0.0010730451889816959
10,10,0,28,19,0.5065214730704654,-0.07129576058278049,-0.06909040294765599
10,10,1,28,19,0.5065214730704654,-0.06909040294765599,-0.07046481533533838
10,10,2,28,19,0.5065214730704654,-0.07046481533533838,-0.032452291570246816
10,10,3,28,19,0.5065214730704654,-0.032452291570246816,-0.043972397416959685
10,10,4,28,19,0.5065214730704654,-0.043972397416959685,-0.03334388802256669
10,10,5,28,19,0.5065214730704654,-0.03334388802256669,-0.061002289768027296
10,10,6,28,19,0.5065214730704654,-0.061002289768027296,-0.05496932235155567
10,10,7,28,19,0.5065214730704654,-0.05496932235155567,-0.07216785146393798
10,10,8,28,19,0.5065214730704654,-0.07216785146393798,-0.06099620881008137
10,10,9,28,19,0.5065214730704654,-0.06099620881008137,-0.04796300932504472
10,10,10,28,19,0.5065214730704654,-0.04796300932504472,-0.06476072354058851
10,10,11,28,19,0.5065214730704654,-0.06476072354058851,-0.06536760323520902
10,10,12,28,19,0.5065214730704654,-0.06536760323520902,-0.044976749515465715
10,10,13,28,19,0.5065214730704654,-0.044976749515465715,-0.048836865281539986
10,10,14,28,19,0.5065214730704654,-0.048836865281539986,-0.04390803432818636
10,10,15,28,19,0.5065214730704654,-0.04390803432818636,-0.036566527043758595
10,10,16,28,19,0.5065214730704654,-0.036566527043758595,-0.02868616863298899
10,10,17,28,19,0.5065214730704654,-0.02868616863298899,-0.028409980631777836
10,10,18,28,19,0.5065214730704654,-0.028409980631777836,-0.028409980631777836
10,10,19,28,19,0.5065214730704654,-0.028409980631777836,-0.032452291570246816
36,3,0,12,7,0.29710234224970344,-0.010115823931061672,-0.011443893040400886
36,3,1,12,7,0.29710234224970344,-0.011443893040400886,-0.013138007253869396
36,3,2,12,7,0.29710234224970344,-0.013138007253869396,-0.012279791838005392
36,3,3,12,7,0.29710234224970344,-0.012279791838005392,-0.007636623061673175
36,3,4,12,7,0.29710234224970344,-0.007636623061673175,-0.010392458373537127
36,3,5,12,7,0.29710234224970344,-0.010392458373537127,-0.00963528940221799
36,3,6,12,7,0.29710234224970344,-0.00963528940221799,-0.01162533752306287
36,3,7,12,7,0.29710234224970344,-0.01162533752306287,-0.01036613605696661
36,3,8,12,7,0.29710234224970344,-0.01036613605696661,-0.011112776219458588
36,3,9,12,7,0.29710234224970344,-0.011112776219458588,-0.011681927181348403
36,3,10,12,7,0.29710234224970344,-0.011681927181348403,-0.0101506194629046
36,3,11,12,7,0.29710234224970344,-0.0101506194629046,-0.008888968230996282
36,3,12,12,7,0.29710234224970344,-0.008888968230996282,-0.010356022250688128
36,3,13,12,7,0.29710234224970344,-0.010356022250688128,-0.011074104312076692
36,3,14,12,7,0.29710234224970344,-0.011074104312076692,-0.011098245172749863
36,3,15,12,7,0.29710234224970344,-0.011098245172749863,-0.010114738666827005
36,3,16,12,7,0.29710234224970344,-0.010114738666827005,-0.011793742871888502
36,3,17,12,7,0.29710234224970344,-0.011793742871888502,-0.009263035407450349
36,3,18,12,7,0.29710234224970344,-0.009263035407450349,-0.009977046064009698
36,3,19,12,7,0.29710234224970344,-0.009977046064009698,-0.010559874248304919
40,5,0,59,20,0.037155244490409856,-0.0036986483661789935,-0.0028353529115603777
40,5,1,59,20,0.037155244490409856,-0.0028353529115603777,-0.0023323373635943923
40,5,2,59,20,0.037155244490409856,-0.0023323373635943923,-0.001938844904294342
40,5,3,59,20,0.037155244490409856,-0.001938844904294342,-0.002762599110710764
40,5,4,59,20,0.037155244490409856,-0.002762599110710764,-0.001953312067947456
40,5,5,59,20,0.037155244490409856,-0.001953312067947456,-0.0022487884214599826
40,5,6,59,20,0.037155244490409856,-0.0022487884214599826,-0.0026758530490095986
40,5,7,59,20,0.037155244490409856,-0.0026758530490095986,-0.001954649207705173
40,5,8,59,20,0.037155244490409856,-0.001954649207705173,-0.0020115953907104923
40,5,9,59,20,0.037155244490409856,-0.0020115953907104923,-0.002289793196806137
40,5,10,59,20,0.037155244490409856,-0.002289793196806137,-0.0016542214072317726
40,5,11,59,20,0.037155244490409856,-0.0016542214072317726,-0.002389324777400815
40,5,12,59,20,0.037155244490409856,-0.002389324777400815,-0.0021552402284576873
40,5,13,59,20,0.037155244490409856,-0.0021552402284576873,-0.002719164370495782
40,5,14,59,20,0.037155244490409856,-0.002719164370495782,-0.0022082502038713032
40,5,15,59,20,0.037155244490409856,-0.0022082502038713032,-0.0020291356802359145
40,5,16,59,20,0.037155244490409856,-0.0020291356802359145,-0.002120581571243186
40,5,17,59,20,0.037155244490409856,-0.002120581571243186,-0.0023816987292890573
40,5,18,59,20,0.037155244490409856,-0.0023816987292890573,-0.0021696516913143004
40,5,19,59,20,0.037155244490409856,-0.0021696516913143004,-0.002223381109374934
12,4,0,70,10,0.035938553820372365,-0.015374241902603033,-0.016313992891479657
12,4,1,70,10,0.035938553820372365,-0.016313992891479657,-0.011884885173802305
12,4,2,70,10,0.035938553820372365,-0.011884885173802305,-0.008769280771814816
12,4,3,70,10,0.035938553820372365,-0.008769280771814816,-0.0068574894203615455
12,4,4,70,10,0.035938553820372365,-0.0068574894203615455,-0.005616339508216102
12,4,5,70,10,0.035938553820372365,-0.005616339508216102,-0.0057022650878137135
12,4,6,70,10,0.035938553820372365,-0.0057022650878137135,-0.006169504234016821
12,4,7,70,10,0.035938553820372365,-0.006169504234016821,-0.006076621473966819
12,4,8,70,10,0.035938553820372365,-0.006076621473966819,-0.005604886972984257
12,4,9,70,10,0.035938553820372365,-0.005604886972984257,-0.004791679172068995
12,4,10,70,10,0.035938553820372365,-0.004791679172068995,-0.005744777180466271
12,4,11,70,10,0.035938553820372365,-0.005744777180466271,-0.006353709196895344
12,4,12,70,10,0.035938553820372365,-0.006353709196895344,-0.0064998733814124925
12,4,13,70,10,0.035938553820372365,-0.0064998733814124925,-0.0052320097945069656
12,4,14,70,10,0.035938553820372365,-0.0052320097945069656,-0.005701882342893252
12,4,15,70,10,0.035938553820372365,-0.005701882342893252,-0.005822781566653522
12,4,16,70,10,0.035938553820372365,-0.005822781566653522,-0.0053215647987477676
12,4,17,70,10,0.035938553820372365,-0.0053215647987477676,-0.0060411561416721755
12,4,18,70,10,0.035938553820372365,-0.0060411561416721755,-0.006443718246596471
12,4,19,70,10,0.035938553820372365,-0.006443718246596471,-0.0043576615476789374
30,4,0,75,9,0.20063125783631697,-0.005617185073936752,-0.004498782868266544
30,4,1,75,9,0.20063125783631697,-0.004498782868266544,-0.0036664335051118367
30,4,2,75,9,0.20063125783631697,-0.0036664335051118367,-0.004429945159691696
30,4,3,75,9,0.20063125783631697,-0.004429945159691696,-0.004073076521716381
30,4,4,75,9,0.20063125783631697,-0.004073076521716381,-0.003403023727623733
30,4,5,75,9,0.20063125783631697,-0.003403023727623733,-0.004808915204764533
30,4,6,75,9,0.20063125783631697,-0.004808915204764533,-0.004349265980728133
30,4,7,75,9,0.20063125783631697,-0.004349265980728133,-0.0050645887589712895
30,4,8,75,9,0.20063125783631697,-0.0050645887589712895,-0.00404249641893173
30,4,9,75,9,0.20063125783631697,-0.00404249641893173,-0.005287989150692404
30,4,10,75,9,0.20063125783631697,-0.005287989150692404,-0.005206958296053052
30,4,11,75,9,0.20063125783631697,-0.005206958296053052,-0.004246973887506497
30,4,12,75,9,0.20063125783631697,-0.004246973887506497,-0.0046892700202867945
30,4,13,75,9,0.20063125783631697,-0.0046892700202867945,-0.005394802877618481
30,4,14,75,9,0.20063125783631697,-0.005394802877618481,-0.0038049690151803193
30,4,15,75,9,0.20063125783631697,-0.0038049690151803193,-0.003820890148989247
30,4,16,75,9,0.20063125783631697,-0.003820890148989247,-0.00353410446655679
30,4,17,75,9,0.20063125783631697,-0.00353410446655679,-0.004856634707180047
30,4,18,75,9,0.20063125783631697,-0.004856634707180047,-0.005295626563296099
30,4,19,75,9,0.20063125783631697,-0.005295626563296099,-0.004429223683898094
38,2,0,23,15,0.1868363688230562,-0.013391349971879034,-0.01467821494137883
38,2,1,23,15,0.1868363688230562,-0.01467821494137883,-0.012168133224283836
38,2,2,23,15,0.1868363688230562,-0.012168133224283836,-0.011035857042099813
38,2,3,23,15,0.1868363688230562,-0.011035857042099813,-0.012993032434500859
38,2,4,23,15,0.1868363688230562,-0.012993032434500859,-0.012641445583209478
38,2,5,23,15,0.1868363688230562,-0.012641445583209478,-0.01333592110903529
38,2,6,23,15,0.1868363688230562,-0.01333592110903529,-0.012452388325542069
38,2,7,23,15,0.1868363688230562,-0.012452388325542069,-0.012684176277969805
38,2,8,23,15,0.1868363688230562,-0.012684176277969805,-0.011843173466489923
38,2,9,23,15,0.1868363688230562,-0.011843173466489923,-0.01415061059599706
38,2,10,23,15,0.1868363688230562,-0.01415061059599706,-0.013671200250000683
38,2,11,23,15,0.1868363688230562,-0.013671200250000683,-0.01427944576932605
38,2,12,23,15,0.1868363688230562,-0.01427944576932605,-0.015388893390766704
38,2,13,23,15,0.1868363688230562,-0.015388893390766704,-0.010034969407690015
38,2,14,23,15,0.1868363688230562,-0.010034969407690015,-0.014223901360075073
38,2,15,23,15,0.1868363688230562,-0.014223901360075073,-0.012709614640065217
38,2,16,23,15,0.1868363688230562,-0.012709614640065217,-0.014032319666021998
38,2,17,23,15,0.1868363688230562,-0.014032319666021998,-0.012248549303356183
38,2,18,23,15,0.1868363688230562,-0.012248549303356183,-0.013842513428864863
38,2,19,23,15,0.1868363688230562,-0.013842513428864863,-0.012884136735665746
30,6,0,36,9,0.3205587501575511,-0.004148188644869586,-0.0033003150351463653
30,6,1,36,9,0.3205587501575511,-0.0033003150351463653,-0.0015919250057016539
30,6,2,36,9,0.3205587501575511,-0.0015919250057016539,-0.0017559426328878388
30,6,3,36,9,0.3205587501575511,-0.0017559426328878388,-0.001317713153993084
30,6,4,36,9,0.3205587501575511,-0.001317713153993084,-0.0014019812277647644
30,6,5,36,9,0.3205587501575511,-0.0014019812277647644,-0.00109338065384722
30,6,6,36,9,0.3205587501575511,-0.00109338065384722,-0.0012399253083004186
30,6,7,36,9,0.3205587501575511,-0.0012399253083004186,-0.0015341665229242566
30,6,8,36,9,0.3205587501575511,-0.0015341665229242566,-0.0005945019802535429
30,6,9,36,9,0.3205587501575511,-0.0005945019802535429,-0.0012707959569484553
30,6,10,36,9,0.3205587501575511,-0.0012707959569484553,-0.0008906720919411009
30,6,11,36,9,0.3205587501575511,-0.0008906720919411009,-0.0014906544963573108
30,6,12,36,9,0.3205587501575511,-0.0014906544963573108,-0.0008373749105200466
30,6,13,36,9,0.3205587501575511,-0.0008373749105200466,-0.0008887307826038963
30,6,14,36,9,0.3205587501575511,-0.0008887307826038963,-0.0011429229201128349
30,6,15,36,9,0.3205587501575511,-0.0011429229201128349,-0.001543010215394698
30,6,16,36,9,0.3205587501575511,-0.001543010215394698,-0.001216765764063572
30,6,17,36,9,0.3205587501575511,-0.001216765764063572,-0.0007552580318159626
30,6,18,36,9,0.3205587501575511,-0.0007552580318159626,-0.001128262758999491
30,6,19,36,9,0.3205587501575511,-0.001128262758999491,-0.0009172624925729877
11,10,0,18,2,0.2984175600204316,-0.07003909323795071,-0.05719192858394257
11,10,1,18,2,0.2984175600204316,-0.05719192858394257,-0.032458372528192746
11,10,2,18,2,0.2984175600204316,-0.032458372528192746,-0.06237036930858434
11,10,3,18,2,0.2984175600204316,-0.06237036930858434,-0.05624931925578122
11,10,4,18,2,0.2984175600204316,-0.05624931925578122,-0.07046481533533838
11,10,5,18,2,0.2984175600204316,-0.07046481533533838,-0.05496932235155567
11,10,6,18,2,0.2984175600204316,-0.05496932235155567,-0.048836865281539986
11,10,7,18,2,0.2984175600204316,-0.048836865281539986,-0.04054497703176434
11,10,8,18,2,0.2984175600204316,-0.04054497703176434,-0.06016510544914421
11,10,9,18,2,0.2984175600204316,-0.06016510544914421,-0.043908034332373794
11,10,10,18,2,0.2984175600204316,-0.043908034332373794,-0.04465946363537228
11,10,11,18,2,0.2984175600204316,-0.04465946363537228,-0.052383122523386165
11,10,12,18,2,0.2984175600204316,-0.052383122523386165,-0.037576708848106107
11,10,13,18,2,0.2984175600204316,-0.037576708848106107,-0.040743677433634426
11,10,14,18,2,0.2984175600204316,-0.040743677433634426,-0.028409980631777836
11,10,15,18,2,0.2984175600204316,-0.028409980631777836,-0.04618878909422688
11,10,16,18,2,0.2984175600204316,-0.04618878909422688,-0.04054497703176434
11,10,17,18,2,0.2984175600204316,-0.04054497703176434,-0.032458372528192746
11,10,18,18,2,0.2984175600204316,-0.032458372528192746,-0.02916698876278702
11,10,19,18,2,0.2984175600204316,-0.02916698876278702,-0.044976749515465715
2,4,0,96,3,0.5378820750911198,-0.47843924764842033,-0.35183184865733264
2,4,1,96,3,0.5378820750911198,-0.35183184865733264,-0.31351464800782003
2,4,2,96,3,0.5378820750911198,-0.31351464800782003,-0.31029282893313853
2,4,3,96,3,0.5378820750911198,-0.31029282893313853,-0.26842164474135677
2,4,4,96,3,0.5378820750911198,-0.26842164474135677,-0.2751422858734912
2,4,5,96,3,0.5378820750911198,-0.2751422858734912,-0.3046558070922108
2,4,6,96,3,0.5378820750911198,-0.3046558070922108,-0.27159362708884605
2,4,7,96,3,0.5378820750911198,-0.27159362708884605,-0.2848419036386165
2,4,8,96,3,0.5378820750911198,-0.2848419036386165,-0.2769264059854825
2,4,9,96,3,0.5378820750911198,-0.2769264059854825,-0.2530976207899708
2,4,10,96,3,0.5378820750911198,-0.2530976207899708,-0.34911668962948245
2,4,11,96,3,0.5378820750911198,-0.34911668962948245,-0.34184211143179705
2,4,12,96,3,0.5378820750911198,-0.34184211143179705,-0.36699649858507566
2,4,13,96,3,0.5378820750911198,-0.36699649858507566,-0.348830810550188
2,4,14,96,3,0.5378820750911198,-0.348830810550188,-0.3354100110786008
2,4,15,96,3,0.5378820750911198,-0.3354100110786008,-0.29581302760481243
2,4,16,96,3,0.5378820750911198,-0.29581302760481243,-0.2485797211486411
2,4,17,96,3,0.5378820750911198,-0.2485797211486411,-0.2812857335616821
2,4,18,96,3,0.5378820750911198,-0.2812857335616821,-0.2905650830907324
2,4,19,96,3,0.5378820750911198,-0.2905650830907324,-0.28488699864081724
30,7,0,62,21,0.8222489652104151,-0.004419307589396691,-0.0006338819111376085
30,7,1,62,21,0.8222489652104151,-0.0006338819111376085,-0.00043449807950737737
30,7,2,62,21,0.8222489652104151,-0.00043449807950737737,-0.0005439346051052252
30,7,3,62,21,0.8222489652104151,-0.0005439346051052252,-0.0006476286831131511
30,7,4,62,21,0.8222489652104151,-0.0006476286831131511,-0.00022013709283553125
30,7,5,62,21,0.8222489652104151,-0.00022013709283553125,-0.00029126327914427805
30,7,6,62,21,0.8222489652104151,-0.00029126327914427805,-0.00023287404521901668
30,7,7,62,21,0.8222489652104151,-0.00023287404521901668,-0.00028538346578644474
30,7,8,62,21,0.8222489652104151,-0.00028538346578644474,-0.00040709136841435425
30,7,9,62,21,0.8222489652104151,-0.00040709136841435425,-0.00032712100496196556
30,7,10,62,21,0.8222489652104151,-0.00032712100496196556,-0.0005129563619406317
30,7,11,62,21,0.8222489652104151,-0.0005129563619406317,-0.00038929234833159405
30,7,12,62,21,0.8222489652104151,-0.00038929234833159405,-0.00028378399810317825
30,7,13,62,21,0.8222489652104151,-0.00028378399810317825,-0.0003194098345667961
30,7,14,62,21,0.8222489652104151,-0.0003194098345667961,-0.0004376769025592199
30,7,15,62,21,0.8222489652104151,-0.0004376769025592199,-0.00026695791549827925
30,7,16,62,21,0.8222489652104151,-0.00026695791549827925,-0.0002833380734034934
30,7,17,62,21,0.8222489652104151,-0.0002833380734034934,-0.0003406301612229087
30,7,18,62,21,0.8222489652104151,-0.0003406301612229087,-0.00021983269482643163
30,7,19,62,21,0.8222489652104151,-0.00021983269482643163,-0.00023938209861362755
10,6,0,73,5,0.40747918367919633,-0.09668586071540401,-0.06489169290404086
10,6,1,73,5,0.40747918367919633,-0.06489169290404086,-0.05712235610243442
10,6,2,73,5,0.40747918367919633,-0.05712235610243442,-0.047068727047976475
10,6,3,73,5,0.40747918367919633,-0.047068727047976475,-0.032388551082004974
10,6,4,73,5,0.40747918367919633,-0.032388551082004974,-0.03470421698329787
10,6,5,73,5,0.40747918367919633,-0.03470421698329787,-0.03691458153690679
10,6,6,73,5,0.40747918367919633,-0.03691458153690679,-0.026001356780099787
10,6,7,73,5,0.40747918367919633,-0.026001356780099787,-0.03373052691945298
10,6,8,73,5,0.40747918367919633,-0.03373052691945298,-0.026509557010816177
10,6,9,73,5,0.40747918367919633,-0.026509557010816177,-0.031894916819546607
10,6,10,73,5,0.40747918367919633,-0.031894916819546607,-0.023064191274740575
10,6,11,73,5,0.40747918367919633,-0.023064191274740575,-0.027012565375836285
10,6,12,73,5,0.40747918367919633,-0.027012565375836285,-0.03798603847687187
10,6,13,73,5,0.40747918367919633,-0.03798603847687187,-0.02052348670238271
10,6,14,73,5,0.40747918367919633,-0.02052348670238271,-0.022879230243998037
10,6,15,73,5,0.40747918367919633,-0.022879230243998037,-0.02140974947587106
10,6,16,73,5,0.40747918367919633,-0.02140974947587106,-0.025491401742404118
10,6,17,73,5,0.40747918367919633,-0.025491401742404118,-0.020216304147624223
10,6,18,73,5,0.40747918367919633,-0.020216304147624223,-0.02305025740540237
10,6,19,73,5,0.40747918367919633,-0.02305025740540237,-0.017789056922678907
39,4,0,45,18,0.9031967935075529,-0.003568159657816205,-0.005018008069934263
39,4,1,45,18,0.9031967935075529,-0.005018008069934263,-0.004753093687187703
39,4,2,45,18,0.9031967935075529,-0.004753093687187703,-0.004968362144580799
39,4,3,45,18,0.9031967935075529,-0.004968362144580799,-0.005586724963974965
39,4,4,45,18,0.9031967935075529,-0.005586724963974965,-0.004545381164710339
39,4,5,45,18,0.9031967935075529,-0.004545381164710339,-0.004265100947198961
39,4,6,45,18,0.9031967935075529,-0.004265100947198961,-0.0054149468974291045
39,4,7,45,18,0.9031967935075529,-0.0054149468974291045,-0.005149943290365067
39,4,8,45,18,0.9031967935075529,-0.005149943290365067,-0.005018570069487538
39,4,9,45,18,0.9031967935075529,-0.005018570069487538,-0.004954173963597693
39,4,10,45,18,0.9031967935075529,-0.004954173963597693,-0.0040144850603199955
39,4,11,45,18,0.9031967935075529,-0.0040144850603199955,-0.0051395828772306034
39,4,12,45,18,0.9031967935075529,-0.0051395828772306034,-0.004754422582298056
39,4,13,45,18,0.9031967935075529,-0.004754422582298056,-0.005071925928007006
39,4,14,45,18,0.9031967935075529,-0.005071925928007006,-0.0042570623971517575
39,4,15,45,18,0.9031967935075529,-0.0042570623971517575,-0.0051549565122122705
39,4,16,45,18,0.9031967935075529,-0.0051549565122122705,-0.004681666355488267
39,4,17,45,18,0.9031967935075529,-0.004681666355488267,-0.004146588645366011
39,4,18,45,18,0.9031967935075529,-0.004146588645366011,-0.005728186039162235
39,4,19,45,18,0.9031967935075529,-0.005728186039162235,-0.004905075461583606
20,3,0,5,13,0.574063076178416,-0.011503934314952259,-0.011740179512808997
20,3,1,5,13,0.574063076178416,-0.011740179512808997,-0.023366844292202635
20,3,2,5,13,0.574063076178416,-0.023366844292202635,-0.020364906365834087
20,3,3,5,13,0.574063076178416,-0.020364906365834087,-0.014988405918321027
20,3,4,5,13,0.574063076178416,-0.014988405918321027,-0.013059483131425423
20,3,5,5,13,0.574063076178416,-0.013059483131425423,-0.01181281924370913
20,3,6,5,13,0.574063076178416,-0.01181281924370913,-0.013464788885318912
20,3,7,5,13,0.574063076178416,-0.013464788885318912,-0.01808913497517176
20,3,8,5,13,0.574063076178416,-0.01808913497517176,-0.019696148917660982
20,3,9,5,13,0.574063076178416,-0.019696148917660982,-0.010826660756473521
20,3,10,5,13,0.574063076178416,-0.010826660756473521,-0.012343116661396512
20,3,11,5,13,0.574063076178416,-0.012343116661396512,-0.013782402186206803
20,3,12,5,13,0.574063076178416,-0.013782402186206803,-0.018573282355285593
20,3,13,5,13,0.574063076178416,-0.018573282355285593,-0.024772219565655666
20,3,14,5,13,0.574063076178416,-0.024772219565655666,-0.016227391558397176
20,3,15,5,13,0.574063076178416,-0.016227391558397176,-0.020100234670095134
20,3,16,5,13,0.574063076178416,-0.020100234670095134,-0.017976696753146365
20,3,17,5,13,0.574063076178416,-0.017976696753146365,-0.017850399996206488
20,3,18,5,13,0.574063076178416,-0.017850399996206488,-0.012999560281495817
20,3,19,5,13,0.574063076178416,-0.012999560281495817,-0.037431922399891446
35,7,0,74,6,0.8229640688679125,-0.0018638944935217504,-0.0014464177692971646
35,7,1,74,6,0.8229640688679125,-0.0014464177692971646,-0.0005977481721770908
35,7,2,74,6,0.8229640688679125,-0.0005977481721770908,-0.0002634973531217205
35,7,3,74,6,0.8229640688679125,-0.0002634973531217205,-0.0003365768330716414
35,7,4,74,6,0.8229640688679125,-0.0003365768330716414,-0.0002938768789971142
35,7,5,74,6,0.8229640688679125,-0.0002938768789971142,-0.0002235120897496315
35,7,6,74,6,0.8229640688679125,-0.0002235120897496315,-0.0002900089360795964
35,7,7,74,6,0.8229640688679125,-0.0002900089360795964,-0.00028035551683532723
35,7,8,74,6,0.8229640688679125,-0.00028035551683532723,-0.00028791956612831706
35,7,9,74,6,0.8229640688679125,-0.00028791956612831706,-0.00027368231102176116
35,7,10,74,6,0.8229640688679125,-0.00027368231102176116,-0.00029758119176150776
35,7,11,74,6,0.8229640688679125,-0.00029758119176150776,-0.0002627637847685938
35,7,12,74,6,0.8229640688679125,-0.0002627637847685938,-0.0002540620769306109
35,7,13,74,6,0.8229640688679125,-0.0002540620769306109,-0.00022758850853892693
35,7,14,74,6,0.8229640688679125,-0.00022758850853892693,-0.0003592549131726356
35,7,15,74,6,0.8229640688679125,-0.0003592549131726356,-0.0002872914669327376
35,7,16,74,6,0.8229640688679125,-0.0002872914669327376,-0.0002382841340759235
35,7,17,74,6,0.8229640688679125,-0.0002382841340759235,-0.000310426191077003
35,7,18,74,6,0.8229640688679125,-0.000310426191077003,-0.0002634973531217205
35,7,19,74,6,0.8229640688679125,-0.0002634973531217205,-0.00025671387563304117
10,3,0,37,2,0.10174469906255201,-0.015674676313780642,-0.01277490474268095
10,3,1,37,2,0.10174469906255201,-0.01277490474268095,-0.013132545378355391
10,3,2,37,2,0.10174469906255201,-0.013132545378355391,-0.014077521643690513
10,3,3,37,2,0.10174469906255201,-0.014077521643690513,-0.011526356504256749
10,3,4,37,2,0.10174469906255201,-0.011526356504256749,-0.01372864916649422
10,3,5,37,2,0.10174469906255201,-0.01372864916649422,-0.011692107860936406
10,3,6,37,2,0.10174469906255201,-0.011692107860936406,-0.011140699607543107
10,3,7,37,2,0.10174469906255201,-0.011140699607543107,-0.010707650749246966
10,3,8,37,2,0.10174469906255201,-0.010707650749246966,-0.009529695617752045
10,3,9,37,2,0.10174469906255201,-0.009529695617752045,-0.009887843333450198
10,3,10,37,2,0.10174469906255201,-0.009887843333450198,-0.011765433781716819
10,3,11,37,2,0.10174469906255201,-0.011765433781716819,-0.008778701101305016
10,3,12,37,2,0.10174469906255201,-0.008778701101305016,-0.0101814317356358
10,3,13,37,2,0.10174469906255201,-0.0101814317356358,-0.009542460065182817
10,3,14,37,2,0.10174469906255201,-0.009542460065182817,-0.0090122568661261
10,3,15,37,2,0.10174469906255201,-0.0090122568661261,-0.009258465013306032
10,3,16,37,2,0.10174469906255201,-0.009258465013306032,-0.008603921195880153
10,3,17,37,2,0.10174469906255201,-0.008603921195880153,-0.010936176027167786
10,3,18,37,2,0.10174469906255201,-0.010936176027167786,-0.009863618176452246
10,3,19,37,2,0.10174469906255201,-0.009863618176452246,-0.010282637059833344
31,5,0,69,4,0.4748426095196151,-0.00398527005359048,-0.0037008142209737573
31,5,1,69,4,0.4748426095196151,-0.0037008142209737573,-0.002723261350458839
31,5,2,69,4,0.4748426095196151,-0.002723261350458839,-0.002100024019400324
31,5,3,69,4,0.4748426095196151,-0.002100024019400324,-0.0024798057749218674
31,5,4,69,4,0.4748426095196151,-0.0024798057749218674,-0.00214781922416816
31,5,5,69,4,0.4748426095196151,-0.00214781922416816,-0.002798540368985011
31,5,6,69,4,0.4748426095196151,-0.002798540368985011,-0.0029611530721083096
31,5,7,69,4,0.4748426095196151,-0.0029611530721083096,-0.002584597909460636
31,5,8,69,4,0.4748426095196151,-0.002584597909460636,-0.0022102231220161397
31,5,9,69,4,0.4748426095196151,-0.0022102231220161397,-0.002520289705663466
31,5,10,69,4,0.4748426095196151,-0.002520289705663466,-0.002357236553456208
31,5,11,69,4,0.4748426095196151,-0.002357236553456208,-0.0017547156278663301
31,5,12,69,4,0.4748426095196151,-0.0017547156278663301,-0.0028121336592586417
31,5,13,69,4,0.4748426095196151,-0.0028121336592586417,-0.0026210003117816036
31,5,14,69,4,0.4748426095196151,-0.0026210003117816036,-0.0016671524468197647
31,5,15,69,4,0.4748426095196151,-0.0016671524468197647,-0.0023787191383252827
31,5,16,69,4,0.4748426095196151,-0.0023787191383252827,-0.0020406029943738297
31,5,17,69,4,0.4748426095196151,-0.0020406029943738297,-0.0028155206401674683
31,5,18,69,4,0.4748426095196151,-0.0028155206401674683,-0.002215509620330245
31,5,19,69,4,0.4748426095196151,-0.002215509620330245,-0.0025899146078701895
13,7,0,92,13,0.26611371022212305,-0.04495737723069674,-0.045284689719201555
13,7,1,92,13,0.26611371022212305,-0.045284689719201555,-0.028280648888412176
13,7,2,92,13,0.26611371022212305,-0.028280648888412176,-0.02347073514817152
13,7,3,92,13,0.26611371022212305,-0.02347073514817152,-0.02187337907318535
13,7,4,92,13,0.26611371022212305,-0.02187337907318535,-0.019865997071648205
13,7,5,92,13,0.26611371022212305,-0.019865997071648205,-0.012167578353264229
13,7,6,92,13,0.26611371022212305,-0.012167578353264229,-0.018804820005590056
13,7,7,92,13,0.26611371022212305,-0.018804820005590056,-0.019374004232799148
13,7,8,92,13,0.26611371022212305,-0.019374004232799148,-0.014091688258838931
13,7,9,92,13,0.26611371022212305,-0.014091688258838931,-0.014253565423405107
13,7,10,92,13,0.26611371022212305,-0.014253565423405107,-0.014911921801405414
13,7,11,92,13,0.26611371022212305,-0.014911921801405414,-0.007899347176716379
13,7,12,92,13,0.26611371022212305,-0.007899347176716379,-0.009593435932653684
13,7,13,92,13,0.26611371022212305,-0.009593435932653684,-0.012750129638849276
13,7,14,92,13,0.26611371022212305,-0.012750129638849276,-0.007946555543615381
13,7,15,92,13,0.26611371022212305,-0.007946555543615381,-0.00845344524529602
13,7,16,92,13,0.26611371022212305,-0.00845344524529602,-0.007660282850735871
13,7,17,92,13,0.26611371022212305,-0.007660282850735871,-0.009926311616239388
13,7,18,92,13,0.26611371022212305,-0.009926311616239388,-0.005783345460560574
13,7,19,92,13,0.26611371022212305,-0.005783345460560574,-0.008525536948614645
16,5,0,87,6,0.8456842790386151,-0.016373248000406605,-0.009109669619720718
16,5,1,87,6,0.8456842790386151,-0.009109669619720718,-0.00587460099645669
16,5,2,87,6,0.8456842790386151,-0.00587460099645669,-0.0059630937766027865
16,5,3,87,6,0.8456842790386151,-0.0059630937766027865,-0.005766779953408871
16,5,4,87,6,0.8456842790386151,-0.005766779953408871,-0.00581832386467223
16,5,5,87,6,0.8456842790386151,-0.00581832386467223,-0.004416449546596427
16,5,6,87,6,0.8456842790386151,-0.004416449546596427,-0.00298741104235496
16,5,7,87,6,0.8456842790386151,-0.00298741104235496,-0.0048579383143955174
16,5,8,87,6,0.8456842790386151,-0.0048579383143955174,-0.004136219349096514
16,5,9,87,6,0.8456842790386151,-0.004136219349096514,-0.002952092130023951
16,5,10,87,6,0.8456842790386151,-0.002952092130023951,-0.0034327587999863265
16,5,11,87,6,0.8456842790386151,-0.0034327587999863265,-0.004173152681238893
16,5,12,87,6,0.8456842790386151,-0.004173152681238893,-0.0025879846874971653
16,5,13,87,6,0.8456842790386151,-0.0025879846874971653,-0.003158856300557203
16,5,14,87,6,0.8456842790386151,-0.003158856300557203,-0.003924419786952417
16,5,15,87,6,0.8456842790386151,-0.003924419786952417,-0.0031827221023018356
16,5,16,87,6,0.8456842790386151,-0.0031827221023018356,-0.004064552135018915
16,5,17,87,6,0.8456842790386151,-0.004064552135018915,-0.003716339530421405
16,5,18,87,6,0.8456842790386151,-0.003716339530421405,-0.003114402402148719
16,5,19,87,6,0.8456842790386151,-0.003114402402148719,-0.0026276414890871905
19,3,0,61,20,0.9208363156797587,-0.0102142918697778,-0.009177966235993588
19,3,1,61,20,0.9208363156797587,-0.009177966235993588,-0.009268799812256706
19,3,2,61,20,0.9208363156797587,-0.009268799812256706,-0.01011453706590651
19,3,3,61,20,0.9208363156797587,-0.01011453706590651,-0.00891699097732417
19,3,4,61,20,0.9208363156797587,-0.00891699097732417,-0.007967198618513293
19,3,5,61,20,0.9208363156797587,-0.007967198618513293,-0.009125299016832804
19,3,6,61,20,0.9208363156797587,-0.009125299016832804,-0.009748438221461209
19,3,7,61,20,0.9208363156797587,-0.009748438221461209,-0.008278578176851039
19,3,8,61,20,0.9208363156797587,-0.008278578176851039,-0.007701302446566991
19,3,9,61,20,0.9208363156797587,-0.007701302446566991,-0.008786474698950442
19,3,10,61,20,0.9208363156797587,-0.008786474698950442,-0.0083827901658315
19,3,11,61,20,0.9208363156797587,-0.0083827901658315,-0.008221864152554586
19,3,12,61,20,0.9208363156797587,-0.008221864152554586,-0.008764850135338193
19,3,13,61,20,0.9208363156797587,-0.008764850135338193,-0.009335361205566599
19,3,14,61,20,0.9208363156797587,-0.009335361205566599,-0.010016814539349276
19,3,15,61,20,0.9208363156797587,-0.010016814539349276,-0.008487659629037607
19,3,16,61,20,0.9208363156797587,-0.008487659629037607,-0.00758815903251575
19,3,17,61,20,0.9208363156797587,-0.00758815903251575,-0.006890445287397362
19,3,18,61,20,0.9208363156797587,-0.006890445287397362,-0.0072926243768313154
19,3,19,61,20,0.9208363156797587,-0.0072926243768313154,-0.007726568278166109
18,7,0,47,13,0.35803773570210995,-0.03176295986802702,-0.014275667482780792
18,7,1,47,13,0.35803773570210995,-0.014275667482780792,-0.012086860443939385
18,7,2,47,13,0.35803773570210995,-0.012086860443939385,-0.007466085231032182
18,7,3,47,13,0.35803773570210995,-0.007466085231032182,-0.0030545146080490646
18,7,4,47,13,0.35803773570210995,-0.0030545146080490646,-0.009249152745347293
18,7,5,47,13,0.35803773570210995,-0.009249152745347293,-0.007014566515377594
18,7,6,47,13,0.35803773570210995,-0.007014566515377594,-0.0031927599081742067
18,7,7,47,13,0.35803773570210995,-0.0031927599081742067,-0.0024405985891283186
18,7,8,47,13,0.35803773570210995,-0.0024405985891283186,-0.004856524904098447
18,7,9,47,13,0.35803773570210995,-0.004856524904098447,-0.003994920455734453
18,7,10,47,13,0.35803773570210995,-0.003994920455734453,-0.003435353206008414
18,7,11,47,13,0.35803773570210995,-0.003435353206008414,-0.0021605469095620764
18,7,12,47,13,0.35803773570210995,-0.0021605469095620764,-0.005187186327943997
18,7,13,47,13,0.35803773570210995,-0.005187186327943997,-0.0038070002936422776
18,7,14,47,13,0.35803773570210995,-0.0038070002936422776,-0.002417087084062954
18,7,15,47,13,0.35803773570210995,-0.002417087084062954,-0.001912108507971634
18,7,16,47,13,0.35803773570210995,-0.001912108507971634,-0.0035496814915468343
18,7,17,47,13,0.35803773570210995,-0.0035496814915468343,-0.004853388444297444
18,7,18,47,13,0.35803773570210995,-0.004853388444297444,-0.004069846537945904
18,7,19,47,13,0.35803773570210995,-0.004069846537945904,-0.002127358169809999
24,2,0,29,2,0.7660396615870725,-0.014694964807230386,-0.013022483646313471
24,2,1,29,2,0.7660396615870725,-0.013022483646313471,-0.013043482373304367
24,2,2,29,2,0.7660396615870725,-0.013043482373304367,-0.015699310035720518
24,2,3,29,2,0.7660396615870725,-0.015699310035720518,-0.012262244062321662
24,2,4,29,2,0.7660396615870725,-0.012262244062321662,-0.01339438523469991
24,2,5,29,2,0.7660396615870725,-0.01339438523469991,-0.012680447896352491
24,2,6,29,2,0.7660396615870725,-0.012680447896352491,-0.012269191287800766
24,2,7,29,2,0.7660396615870725,-0.012269191287800766,-0.0139798255760016
24,2,8,29,2,0.7660396615870725,-0.0139798255760016,-0.013030922305573995
24,2,9,29,2,0.7660396615870725,-0.013030922305573995,-0.012266685566991677
24,2,10,29,2,0.7660396615870725,-0.012266685566991677,-0.013274792640030699
24,2,11,29,2,0.7660396615870725,-0.013274792640030699,-0.013477379860229182
24,2,12,29,2,0.7660396615870725,-0.013477379860229182,-0.013264488175110473
24,2,13,29,2,0.7660396615870725,-0.013264488175110473,-0.013151071073085194
24,2,14,29,2,0.7660396615870725,-0.013151071073085194,-0.012882299535034945
24,2,15,29,2,0.7660396615870725,-0.012882299535034945,-0.012518323194848307
24,2,16,29,2,0.7660396615870725,-0.012518323194848307,-0.013006262886916151
24,2,17,29,2,0.7660396615870725,-0.013006262886916151,-0.0108247673870925
24,2,18,29,2,0.7660396615870725,-0.0108247673870925,-0.014222443527406148
24,2,19,29,2,0.7660396615870725,-0.014222443527406148,-0.014392882424334315
4,10,0,84,7,0.9482184384173034,-0.12979615185023602,-0.11487517943205011
4,10,1,84,7,0.9482184384173034,-0.11487517943205011,-0.10340906071570856
4,10,2,84,7,0.9482184384173034,-0.10340906071570856,-0.11902771421609237
4,10,3,84,7,0.9482184384173034,-0.11902771421609237,-0.11877217110634362
4,10,4,84,7,0.9482184384173034,-0.11877217110634362,-0.10311118698643396
4,10,5,84,7,0.9482184384173034,-0.10311118698643396,-0.11109205023147589
4,10,6,84,7,0.9482184384173034,-0.11109205023147589,-0.10318517765952805
4,10,7,84,7,0.9482184384173034,-0.10318517765952805,-0.10122891098146435
4,10,8,84,7,0.9482184384173034,-0.10122891098146435,-0.07941255717690503
4,10,9,84,7,0.9482184384173034,-0.07941255717690503,-0.0917476664426119
4,10,10,84,7,0.9482184384173034,-0.0917476664426119,-0.09941216320831789
4,10,11,84,7,0.9482184384173034,-0.09941216320831789,-0.07598396451530716
4,10,12,84,7,0.9482184384173034,-0.07598396451530716,-0.08231884190968211
4,10,13,84,7,0.9482184384173034,-0.08231884190968211,-0.1058545167219939
4,10,14,84,7,0.9482184384173034,-0.1058545167219939,-0.09232487786191226
4,10,15,84,7,0.9482184384173034,-0.09232487786191226,-0.11402018137644318
4,10,16,84,7,0.9482184384173034,-0.11402018137644318,-0.08680492796081457
4,10,17,84,7,0.9482184384173034,-0.08680492796081457,-0.10619192637796004
4,10,18,84,7,0.9482184384173034,-0.10619192637796004,-0.06909040294765599
4,10,19,84,7,0.9482184384173034,-0.06909040294765599,-0.09973377168017208
13,10,0,67,2,0.1445756478368977,-0.032458372528192746,-0.02916698876278702
13,10,1,67,2,0.1445756478368977,-0.02916698876278702,-0.032452291570246816
13,10,2,67,2,0.1445756478368977,-0.032452291570246816,-0.009465129430075143
13,10,3,67,2,0.1445756478368977,-0.009465129430075143,-0.009465129430075143
13,10,4,67,2,0.1445756478368977,-0.009465129430075143,-0.013302741630118308
13,10,5,67,2,0.1445756478368977,-0.013302741630118308,-0.01319570078583204
13,10,6,67,2,0.1445756478368977,-0.01319570078583204,-0.02101094423291643
13,10,7,67,2,0.1445756478368977,-0.02101094423291643,-0.017052858412209125
13,10,8,67,2,0.1445756478368977,-0.017052858412209125,-0.020594235805849143
13,10,9,67,2,0.1445756478368977,-0.020594235805849143,-0.020594235805849143
13,10,10,67,2,0.1445756478368977,-0.020594235805849143,-0.03185676141979779
13,10,11,67,2,0.1445756478368977,-0.03185676141979779,-0.028416061593911197
13,10,12,67,2,0.1445756478368977,-0.028416061593911197,-0.02868616863298899
13,10,13,67,2,0.1445756478368977,-0.02868616863298899,-0.025053004293301737
13,10,14,67,2,0.1445756478368977,-0.025053004293301737,-0.02101094423291643
13,10,15,67,2,0.1445756478368977,-0.02101094423291643,-0.025053004293301737
13,10,16,67,2,0.1445756478368977,-0.025053004293301737,-0.009465129430075143
13,10,17,67,2,0.1445756478368977,-0.009465129430075143,-0.016863413949079874
13,10,18,67,2,0.1445756478368977,-0.016863413949079874,-0.016869494907025797
13,10,19,67,2,0.1445756478368977,-0.016869494907025797,-0.02101094423291643
13,10,0,90,3,0.5923143825805796,-0.037576708848106107,-0.016863413949079874
13,10,1,90,3,0.5923143825805796,-0.016863413949079874,-0.01319570078583204
13,10,2,90,3,0.5923143825805796,-0.01319570078583204,-0.009465129430075143
13,10,3,90,3,0.5923143825805796,-0.009465129430075143,-0.002606159865442672
13,10,4,90,3,0.5923143825805796,-0.002606159865442672,-0.00590470748668761
13,10,5,90,3,0.5923143825805796,-0.00590470748668761,-0.009465129430075143
13,10,6,90,3,0.5923143825805796,-0.009465129430075143,-0.00590470748668761
13,10,7,90,3,0.5923143825805796,-0.00590470748668761,-1.0095498168700696e-06
13,10,8,90,3,0.5923143825805796,-1.0095498168700696e-06,-0.00590470748668761
13,10,9,90,3,0.5923143825805796,-0.00590470748668761,-0.002606159865442672
13,10,10,90,3,0.5923143825805796,-0.002606159865442672,-0.009465129430075143
13,10,11,90,3,0.5923143825805796,-0.009465129430075143,-0.002606159865442672
13,10,12,90,3,0.5923143825805796,-0.002606159865442672,-0.009465129430075143
13,10,13,90,3,0.5923143825805796,-0.009465129430075143,-0.009465129430075143
13,10,14,90,3,0.5923143825805796,-0.009465129430075143,-0.009465129430075143
13,10,15,90,3,0.5923143825805796,-0.009465129430075143,-0.00590470748668761
13,10,16,90,3,0.5923143825805796,-0.00590470748668761,-0.002606159865442672
13,10,17,90,3,0.5923143825805796,-0.002606159865442672,-0.00590470748668761
13,10,18,90,3,0.5923143825805796,-0.00590470748668761,-0.009465129430075143
13,10,19,90,3,0.5923143825805796,-0.009465129430075143,-0.00590470748668761
2,9,0,88,9,0.5138891713995154,-0.639070123977318,-0.22485071966192915
2,9,1,88,9,0.5138891713995154,-0.22485071966192915,-0.15283238906529886
2,9,2,88,9,0.5138891713995154,-0.15283238906529886,-0.1722528114900102
2,9,3,88,9,0.5138891713995154,-0.1722528114900102,-0.16032700232687414
2,9,4,88,9,0.5138891713995154,-0.16032700232687414,-0.1630920986022043
2,9,5,88,9,0.5138891713995154,-0.1630920986022043,-0.1865861558696636
2,9,6,88,9,0.5138891713995154,-0.1865861558696636,-0.1687481188355234
2,9,7,88,9,0.5138891713995154,-0.1687481188355234,-0.15806833998871922
2,9,8,88,9,0.5138891713995154,-0.15806833998871922,-0.12702973224591824
2,9,9,88,9,0.5138891713995154,-0.12702973224591824,-0.15750854417452495
2,9,10,88,9,0.5138891713995154,-0.15750854417452495,-0.16334538316005143
2,9,11,88,9,0.5138891713995154,-0.16334538316005143,-0.1607755898929618
2,9,12,88,9,0.5138891713995154,-0.1607755898929618,-0.1643995037818287
2,9,13,88,9,0.5138891713995154,-0.1643995037818287,-0.19446624085387948
2,9,14,88,9,0.5138891713995154,-0.19446624085387948,-0.17977453197825155
2,9,15,88,9,0.5138891713995154,-0.17977453197825155,-0.11784227994207615
2,9,16,88,9,0.5138891713995154,-0.11784227994207615,-0.16644440823282472
2,9,17,88,9,0.5138891713995154,-0.16644440823282472,-0.19579507662166457
2,9,18,88,9,0.5138891713995154,-0.19579507662166457,-0.15710349758671263
2,9,19,88,9,0.5138891713995154,-0.15710349758671263,-0.1524817220907137
14,2,0,29,19,0.24904437923251477,-0.011840285840135781,-0.012527366005143566
14,2,1,29,19,0.24904437923251477,-0.012527366005143566,-0.010914226379112687
14,2,2,29,19,0.24904437923251477,-0.010914226379112687,-0.014757035416234875
14,2,3,29,19,0.24904437923251477,-0.014757035416234875,-0.010423644065838568
14,2,4,29,19,0.24904437923251477,-0.010423644065838568,-0.011445472459994725
14,2,5,29,19,0.24904437923251477,-0.011445472459994725,-0.013035943610733148
14,2,6,29,19,0.24904437923251477,-0.013035943610733148,-0.013039586076620412
14,2,7,29,19,0.24904437923251477,-0.013039586076620412,-0.012712875299993185
14,2,8,29,19,0.24904437923251477,-0.012712875299993185,-0.012471208447247705
14,2,9,29,19,0.24904437923251477,-0.012471208447247705,-0.013777687991491238
14,2,10,29,19,0.24904437923251477,-0.013777687991491238,-0.010805013150325565
14,2,11,29,19,0.24904437923251477,-0.010805013150325565,-0.011771278516617958
14,2,12,29,19,0.24904437923251477,-0.011771278516617958,-0.012405558300179101
14,2,13,29,19,0.24904437923251477,-0.012405558300179101,-0.01280126598255805
14,2,14,29,19,0.24904437923251477,-0.01280126598255805,-0.011079624875719825
14,2,15,29,19,0.24904437923251477,-0.011079624875719825,-0.014158279413413468
14,2,16,29,19,0.24904437923251477,-0.014158279413413468,-0.013487604626059201
14,2,17,29,19,0.24904437923251477,-0.013487604626059201,-0.011405537458634799
14,2,18,29,19,0.24904437923251477,-0.011405537458634799,-0.012398770968781258
14,2,19,29,19,0.24904437923251477,-0.012398770968781258,-0.0125694747715633
37,5,0,101,2,0.6866577525176416,-0.0034299099831695524,-0.0024937844484435308
37,5,1,101,2,0.6866577525176416,-0.0024937844484435308,-0.0021930032659395605
37,5,2,101,2,0.6866577525176416,-0.0021930032659395605,-0.002694415617222563
37,5,3,101,2,0.6866577525176416,-0.002694415617222563,-0.002589554987599051
37,5,4,101,2,0.6866577525176416,-0.002589554987599051,-0.0018443381907117832
37,5,5,101,2,0.6866577525176416,-0.0018443381907117832,-0.0016977921729514635
37,5,6,101,2,0.6866577525176416,-0.0016977921729514635,-0.0016240852439579625
37,5,7,101,2,0.6866577525176416,-0.0016240852439579625,-0.0023037722252028476
37,5,8,101,2,0.6866577525176416,-0.0023037722252028476,-0.0021661836637870495
37,5,9,101,2,0.6866577525176416,-0.0021661836637870495,-0.0018510060463740885
37,5,10,101,2,0.6866577525176416,-0.0018510060463740885,-0.0017557157837123243
37,5,11,101,2,0.6866577525176416,-0.0017557157837123243,-0.0020694625932010306
37,5,12,101,2,0.6866577525176416,-0.0020694625932010306,-0.002488204025442657
37,5,13,101,2,0.6866577525176416,-0.002488204025442657,-0.0020056426789892817
37,5,14,101,2,0.6866577525176416,-0.0020056426789892817,-0.0019435992286005806
37,5,15,101,2,0.6866577525176416,-0.0019435992286005806,-0.0027926117764952934
37,5,16,101,2,0.6866577525176416,-0.0027926117764952934,-0.0029049236607700214
37,5,17,101,2,0.6866577525176416,-0.0029049236607700214,-0.0022037800660885246
37,5,18,101,2,0.6866577525176416,-0.0022037800660885246,-0.0019059601049108122
37,5,19,101,2,0.6866577525176416,-0.0019059601049108122,-0.002152412175947506
8,5,0,89,16,0.6046172856721432,-0.14479004067432283,-0.1014242264371597
8,5,1,89,16,0.6046172856721432,-0.1014242264371597,-0.049295817055178756
8,5,2,89,16,0.6046172856721432,-0.049295817055178756,-0.037382301773697904
8,5,3,89,16,0.6046172856721432,-0.037382301773697904,-0.02278880890723942
8,5,4,89,16,0.6046172856721432,-0.02278880890723942,-0.027289748740455592
8,5,5,89,16,0.6046172856721432,-0.027289748740455592,-0.019284079015077987
8,5,6,89,16,0.6046172856721432,-0.019284079015077987,-0.01433801375890361
8,5,7,89,16,0.6046172856721432,-0.01433801375890361,-0.01365060943252591
8,5,8,89,16,0.6046172856721432,-0.01365060943252591,-0.014847032986504206
8,5,9,89,16,0.6046172856721432,-0.014847032986504206,-0.009770569792173679
8,5,10,89,16,0.6046172856721432,-0.009770569792173679,-0.01114089278139338
8,5,11,89,16,0.6046172856721432,-0.01114089278139338,-0.011999163064135177
8,5,12,89,16,0.6046172856721432,-0.011999163064135177,-0.011138009956691806
8,5,13,89,16,0.6046172856721432,-0.011138009956691806,-0.010339322133591405
8,5,14,89,16,0.6046172856721432,-0.010339322133591405,-0.00911238258686183
8,5,15,89,16,0.6046172856721432,-0.00911238258686183,-0.005037669305097909
8,5,16,89,16,0.6046172856721432,-0.005037669305097909,-0.009366631842105143
8,5,17,89,16,0.6046172856721432,-0.009366631842105143,-0.005150338472283996
8,5,18,89,16,0.6046172856721432,-0.005150338472283996,-0.007656207124977447
8,5,19,89,16,0.6046172856721432,-0.007656207124977447,-0.00925096440198479
11,6,0,19,7,0.9079248821253812,-0.08353941936545384,-0.08498305271041297
11,6,1,19,7,0.9079248821253812,-0.08498305271041297,-0.07027500122713733
11,6,2,19,7,0.9079248821253812,-0.07027500122713733,-0.08030430692446387
11,6,3,19,7,0.9079248821253812,-0.08030430692446387,-0.08297440579930343
11,6,4,19,7,0.9079248821253812,-0.08297440579930343,-0.06079225986940617
11,6,5,19,7,0.9079248821253812,-0.06079225986940617,-0.050517442226596154
11,6,6,19,7,0.9079248821253812,-0.050517442226596154,-0.04792271385943537
11,6,7,19,7,0.9079248821253812,-0.04792271385943537,-0.037441056174828666
11,6,8,19,7,0.9079248821253812,-0.037441056174828666,-0.040528472469739424
11,6,9,19,7,0.9079248821253812,-0.040528472469739424,-0.0398281790660258
11,6,10,19,7,0.9079248821253812,-0.0398281790660258,-0.03557461974471728
11,6,11,19,7,0.9079248821253812,-0.03557461974471728,-0.029502461181756173
11,6,12,19,7,0.9079248821253812,-0.029502461181756173,-0.033301302893562645
11,6,13,19,7,0.9079248821253812,-0.033301302893562645,-0.02966076807670524
11,6,14,19,7,0.9079248821253812,-0.02966076807670524,-0.0226607254636063
11,6,15,19,7,0.9079248821253812,-0.0226607254636063,-0.03365338925775366
11,6,16,19,7,0.9079248821253812,-0.03365338925775366,-0.03209571835536826
11,6,17,19,7,0.9079248821253812,-0.03209571835536826,-0.019702419963242596
11,6,18,19,7,0.9079248821253812,-0.019702419963242596,-0.03292158853833796
11,6,19,19,7,0.9079248821253812,-0.03292158853833796,-0.027367087873191028
8,10,0,81,21,0.9882210048774877,-0.08086968108644423,-0.06977774911692579
8,10,1,81,21,0.9882210048774877,-0.06977774911692579,-0.07718538093721952
8,10,2,81,21,0.9882210048774877,-0.07718538093721952,-0.0678836894197866
8,10,3,81,21,0.9882210048774877,-0.0678836894197866,-0.06909648390141448
8,10,4,81,21,0.9882210048774877,-0.06909648390141448,-0.0812242936803536
8,10,5,81,21,0.9882210048774877,-0.0812242936803536,-0.06909648390978936
8,10,6,81,21,0.9882210048774877,-0.06909648390978936,-0.059471958272785695
8,10,7,81,21,0.9882210048774877,-0.059471958272785695,-0.052383122523386165
8,10,8,81,21,0.9882210048774877,-0.052383122523386165,-0.05238920348551952
8,10,9,81,21,0.9882210048774877,-0.05238920348551952,-0.03657260800589195
8,10,10,81,21,0.9882210048774877,-0.03657260800589195,-0.04322096810977377
8,10,11,81,21,0.9882210048774877,-0.04322096810977377,-0.05055968012555274
8,10,12,81,21,0.9882210048774877,-0.05055968012555274,-0.05055968012555274
8,10,13,81,21,0.9882210048774877,-0.05055968012555274,-0.036566527043758595
8,10,14,81,21,0.9882210048774877,-0.036566527043758595,-0.032452291570246816
8,10,15,81,21,0.9882210048774877,-0.032452291570246816,-0.0242680299270429
8,10,16,81,21,0.9882210048774877,-0.0242680299270429,-0.036566527043758595
8,10,17,81,21,0.9882210048774877,-0.036566527043758595,-0.016863413949079874
8,10,18,81,21,0.9882210048774877,-0.016863413949079874,-0.03334388802256669
8,10,19,81,21,0.9882210048774877,-0.03334388802256669,-0.02800518337252233
20,6,0,15,8,0.08310870461684705,-0.041074554707563,-0.03225067872611172
20,6,1,15,8,0.08310870461684705,-0.03225067872611172,-0.018346061447150005
20,6,2,15,8,0.08310870461684705,-0.018346061447150005,-0.02800243394205803
20,6,3,15,8,0.08310870461684705,-0.02800243394205803,-0.022551986499366468
20,6,4,15,8,0.08310870461684705,-0.022551986499366468,-0.017586141918821668
20,6,5,15,8,0.08310870461684705,-0.017586141918821668,-0.00760871725084996
20,6,6,15,8,0.08310870461684705,-0.00760871725084996,-0.00932647282696371
20,6,7,15,8,0.08310870461684705,-0.00932647282696371,-0.008813619909365748
20,6,8,15,8,0.08310870461684705,-0.008813619909365748,-0.008042236554966654
20,6,9,15,8,0.08310870461684705,-0.008042236554966654,-0.0069438741630523
20,6,10,15,8,0.08310870461684705,-0.0069438741630523,-0.008829097820600476
20,6,11,15,8,0.08310870461684705,-0.008829097820600476,-0.005951879738099885
20,6,12,15,8,0.08310870461684705,-0.005951879738099885,-0.00698984774304906
20,6,13,15,8,0.08310870461684705,-0.00698984774304906,-0.007959093160200005
20,6,14,15,8,0.08310870461684705,-0.007959093160200005,-0.011085945101922746
20,6,15,15,8,0.08310870461684705,-0.011085945101922746,-0.007390240151845586
20,6,16,15,8,0.08310870461684705,-0.007390240151845586,-0.0076957070777897325
20,6,17,15,8,0.08310870461684705,-0.0076957070777897325,-0.005442426282575163
20,6,18,15,8,0.08310870461684705,-0.005442426282575163,-0.006931587619703075
20,6,19,15,8,0.08310870461684705,-0.006931587619703075,-0.006310390406364051
25,6,0,100,8,0.36181575956126466,-0.004751338617900699,-0.0034793896339048083
25,6,1,100,8,0.36181575956126466,-0.0034793896339048083,-0.0014701495598030822
25,6,2,100,8,0.36181575956126466,-0.0014701495598030822,-0.0005289393625062869
25,6,3,100,8,0.36181575956126466,-0.0005289393625062869,-0.0008217675371218253
25,6,4,100,8,0.36181575956126466,-0.0008217675371218253,-0.0008597633744136211
25,6,5,100,8,0.36181575956126466,-0.0008597633744136211,-0.001011994516169505
25,6,6,100,8,0.36181575956126466,-0.001011994516169505,-0.0008591250712731864
25,6,7,100,8,0.36181575956126466,-0.0008591250712731864,-0.0006051526303388268
25,6,8,100,8,0.36181575956126466,-0.0006051526303388268,-0.0010523454394361696
25,6,9,100,8,0.36181575956126466,-0.0010523454394361696,-0.0008669158472401639
25,6,10,100,8,0.36181575956126466,-0.0008669158472401639,-0.001222685881233849
25,6,11,100,8,0.36181575956126466,-0.001222685881233849,-0.001054956129968686
25,6,12,100,8,0.36181575956126466,-0.001054956129968686,-0.0011564494122379414
25,6,13,100,8,0.36181575956126466,-0.0011564494122379414,-0.0007558370229451886
25,6,14,100,8,0.36181575956126466,-0.0007558370229451886,-0.0010737181011440105
25,6,15,100,8,0.36181575956126466,-0.0010737181011440105,-0.0011041791043159969
25,6,16,100,8,0.36181575956126466,-0.0011041791043159969,-0.0005843912531454355
25,6,17,100,8,0.36181575956126466,-0.0005843912531454355,-0.001021869714857162
25,6,18,100,8,0.36181575956126466,-0.001021869714857162,-0.000716321360434642
25,6,19,100,8,0.36181575956126466,-0.000716321360434642,-0.0005374502035187423
36,10,0,32,12,0.7015969079807054,-1.0095498168700696e-06,-1.0095498168700696e-06
36,10,1,32,12,0.7015969079807054,-1.0095498168700696e-06,-1.0095498168700696e-06
36,10,2,32,12,0.7015969079807054,-1.0095498168700696e-06,-1.0095498168700696e-06
36,10,3,32,12,0.7015969079807054,-1.0095498168700696e-06,-1.0095498168700696e-06
36,10,4,32,12,0.7015969079807054,-1.0095498168700696e-06,-1.0095498168700696e-06
36,10,5,32,12,0.7015969079807054,-1.0095498168700696e-06,-1.0095498168700696e-06
36,10,6,32,12,0.7015969079807054,-1.0095498168700696e-06,-1.0095498168700696e-06
36,10,7,32,12,0.7015969079807054,-1.0095498168700696e-06,-1.0095498168700696e-06
36,10,8,32,12,0.7015969079807054,-1.0095498168700696e-06,-1.0095498168700696e-06
36,10,9,32,12,0.7015969079807054,-1.0095498168700696e-06,-1.0095498168700696e-06
36,10,10,32,12,0.7015969079807054,-1.0095498168700696e-06,-1.0095498168700696e-06
36,10,11,32,12,0.7015969079807054,-1.0095498168700696e-06,-1.0095498168700696e-06
36,10,12,32,12,0.7015969079807054,-1.0095498168700696e-06,-1.0095498168700696e-06
36,10,13,32,12,0.7015969079807054,-1.0095498168700696e-06,-1.0095498168700696e-06
36,10,14,32,12,0.7015969079807054,-1.0095498168700696e-06,-1.0095498168700696e-06
36,10,15,32,12,0.7015969079807054,-1.0095498168700696e-06,-1.0095498168700696e-06
36,10,16,32,12,0.7015969079807054,-1.0095498168700696e-06,-1.0095498168700696e-06
36,10,17,32,12,0.7015969079807054,-1.0095498168700696e-06,-1.0095498168700696e-06
36,10,18,32,12,0.7015969079807054,-1.0095498168700696e-06,-1.0095498168700696e-06
36,10,19,32,12,0.7015969079807054,-1.0095498168700696e-06,-1.0095498168700696e-06
37,3,0,4,3,0.816752307181514,-0.013585557458268045,-0.008829097207755831
37,3,1,4,3,0.816752307181514,-0.008829097207755831,-0.010656782136161922
37,3,2,4,3,0.816752307181514,-0.010656782136161922,-0.012405858763478215
37,3,3,4,3,0.816752307181514,-0.012405858763478215,-0.012211570712576279
37,3,4,4,3,0.816752307181514,-0.012211570712576279,-0.009815858554954478
37,3,5,4,3,0.816752307181514,-0.009815858554954478,-0.012701094446064841
37,3,6,4,3,0.816752307181514,-0.012701094446064841,-0.012252858402819674
37,3,7,4,3,0.816752307181514,-0.012252858402819674,-0.011868225896557498
37,3,8,4,3,0.816752307181514,-0.011868225896557498,-0.011653222856982452
37,3,9,4,3,0.816752307181514,-0.011653222856982452,-0.01033480384761108
37,3,10,4,3,0.816752307181514,-0.01033480384761108,-0.009688377141813101
37,3,11,4,3,0.816752307181514,-0.009688377141813101,-0.011478083362993743
37,3,12,4,3,0.816752307181514,-0.011478083362993743,-0.009733756329993582
37,3,13,4,3,0.816752307181514,-0.009733756329993582,-0.013091479924157101
37,3,14,4,3,0.816752307181514,-0.013091479924157101,-0.012388808606489736
37,3,15,4,3,0.816752307181514,-0.012388808606489736,-0.012217722088884428
37,3,16,4,3,0.816752307181514,-0.012217722088884428,-0.00941559657005894
37,3,17,4,3,0.816752307181514,-0.00941559657005894,-0.008535589216833818
37,3,18,4,3,0.816752307181514,-0.008535589216833818,-0.011535554992248993
37,3,19,4,3,0.816752307181514,-0.011535554992248993,-0.009905469687397295
3,11,0,30,12,0.5389325321243286,-0.09719146388889126,-0.14142526620005955
3,11,1,30,12,0.5389325321243286,-0.14142526620005955,-0.15580972657148937
3,11,2,30,12,0.5389325321243286,-0.15580972657148937,-0.12596962931201566
3,11,3,30,12,0.5389325321243286,-0.12596962931201566,-0.12347648235704647
3,11,4,30,12,0.5389325321243286,-0.12347648235704647,-0.05462164194907437
3,11,5,30,12,0.5389325321243286,-0.05462164194907437,-0.04310125472482359
3,11,6,30,12,0.5389325321243286,-0.04310125472482359,-0.04310125472482359
3,11,7,30,12,0.5389325321243286,-0.04310125472482359,-0.03808043230847084
3,11,8,30,12,0.5389325321243286,-0.03808043230847084,-0.03431085169440354
3,11,9,30,12,0.5389325321243286,-0.03431085169440354,-0.023974257092914078
3,11,10,30,12,0.5389325321243286,-0.023974257092914078,-0.03193520586749366
3,11,11,30,12,0.5389325321243286,-0.03193520586749366,-0.03431085169440353
3,11,12,30,12,0.5389325321243286,-0.03431085169440353,-0.04501076670854872
3,11,13,30,12,0.5389325321243286,-0.04501076670854872,-0.023281109912368123
3,11,14,30,12,0.5389325321243286,-0.023281109912368123,-0.04933869307445147
3,11,15,30,12,0.5389325321243286,-0.04933869307445147,-0.03998994429219596
3,11,16,30,12,0.5389325321243286,-0.03998994429219596,-0.01799969720623258
3,11,17,30,12,0.5389325321243286,-0.01799969720623258,-0.04435224552308244
3,11,18,30,12,0.5389325321243286,-0.04435224552308244,-0.031335346706719364
3,11,19,30,12,0.5389325321243286,-0.031335346706719364,-0.037910548532247866
38,2,0,85,2,0.40163814405434306,-0.010572188656870924,-0.010215984495102632
38,2,1,85,2,0.40163814405434306,-0.010215984495102632,-0.012299606687442228
38,2,2,85,2,0.40163814405434306,-0.012299606687442228,-0.010551153212144846
38,2,3,85,2,0.40163814405434306,-0.010551153212144846,-0.01243338329187135
38,2,4,85,2,0.40163814405434306,-0.01243338329187135,-0.01317070095380985
38,2,5,85,2,0.40163814405434306,-0.01317070095380985,-0.011255332028264555
38,2,6,85,2,0.40163814405434306,-0.011255332028264555,-0.010723099422754168
38,2,7,85,2,0.40163814405434306,-0.010723099422754168,-0.01207876857730541
38,2,8,85,2,0.40163814405434306,-0.01207876857730541,-0.013102356779892703
38,2,9,85,2,0.40163814405434306,-0.013102356779892703,-0.011985773502643281
38,2,10,85,2,0.40163814405434306,-0.011985773502643281,-0.012741539265371313
38,2,11,85,2,0.40163814405434306,-0.012741539265371313,-0.011268268252097162
38,2,12,85,2,0.40163814405434306,-0.011268268252097162,-0.01222667738001608
38,2,13,85,2,0.40163814405434306,-0.01222667738001608,-0.013148344107486007
38,2,14,85,2,0.40163814405434306,-0.013148344107486007,-0.011084790314800304
38,2,15,85,2,0.40163814405434306,-0.011084790314800304,-0.010984218810556732
38,2,16,85,2,0.40163814405434306,-0.010984218810556732,-0.012247295574096507
38,2,17,85,2,0.40163814405434306,-0.012247295574096507,-0.011361149877202856
38,2,18,85,2,0.40163814405434306,-0.011361149877202856,-0.011460286077934805
38,2,19,85,2,0.40163814405434306,-0.011460286077934805,-0.011299473793809196
34,2,0,57,12,0.568747884424278,-0.014834165881299368,-0.01235386522185335
34,2,1,57,12,0.568747884424278,-0.01235386522185335,-0.012638757714486042
34,2,2,57,12,0.568747884424278,-0.012638757714486042,-0.012555270610315363
34,2,3,57,12,0.568747884424278,-0.012555270610315363,-0.014003366214050383
34,2,4,57,12,0.568747884424278,-0.014003366214050383,-0.0103618945741567
34,2,5,57,12,0.568747884424278,-0.0103618945741567,-0.01186008987249533
34,2,6,57,12,0.568747884424278,-0.01186008987249533,-0.011480134834084796
34,2,7,57,12,0.568747884424278,-0.011480134834084796,-0.011632705505074083
34,2,8,57,12,0.568747884424278,-0.011632705505074083,-0.011073946045456496
34,2,9,57,12,0.568747884424278,-0.011073946045456496,-0.012848323402871375
34,2,10,57,12,0.568747884424278,-0.012848323402871375,-0.01126666234957928
34,2,11,57,12,0.568747884424278,-0.01126666234957928,-0.012787940372490305
34,2,12,57,12,0.568747884424278,-0.012787940372490305,-0.011633478657395972
34,2,13,57,12,0.568747884424278,-0.011633478657395972,-0.01366012834337271
34,2,14,57,12,0.568747884424278,-0.01366012834337271,-0.011634599531128477
34,2,15,57,12,0.568747884424278,-0.011634599531128477,-0.01100378722936078
34,2,16,57,12,0.568747884424278,-0.01100378722936078,-0.012765546294901009
34,2,17,57,12,0.568747884424278,-0.012765546294901009,-0.012973595144912548
34,2,18,57,12,0.568747884424278,-0.012973595144912548,-0.012400327439470185
34,2,19,57,12,0.568747884424278,-0.012400327439470185,-0.01182375773510199
28,7,0,6,7,0.5166762299948002,-0.017433912297424747,-0.005697537161663182
28,7,1,6,7,0.5166762299948002,-0.005697537161663182,-0.005264094008398545
28,7,2,6,7,0.5166762299948002,-0.005264094008398545,-0.0137664172772958
28,7,3,6,7,0.5166762299948002,-0.0137664172772958,-0.009922237903199628
28,7,4,6,7,0.5166762299948002,-0.009922237903199628,-0.011536818541574689
28,7,5,6,7,0.5166762299948002,-0.011536818541574689,-0.02081769627665432
28,7,6,6,7,0.5166762299948002,-0.02081769627665432,-0.019871295736650852
28,7,7,6,7,0.5166762299948002,-0.019871295736650852,-0.020127604739214107
28,7,8,6,7,0.5166762299948002,-0.020127604739214107,-0.020631517097672213
28,7,9,6,7,0.5166762299948002,-0.020631517097672213,-0.01367845714304253
28,7,10,6,7,0.5166762299948002,-0.01367845714304253,-0.01857379779100154
28,7,11,6,7,0.5166762299948002,-0.01857379779100154,-0.015376249661120191
28,7,12,6,7,0.5166762299948002,-0.015376249661120191,-0.020988228335522434
28,7,13,6,7,0.5166762299948002,-0.020988228335522434,-0.01579705464259272
28,7,14,6,7,0.5166762299948002,-0.01579705464259272,-0.01318583748793644
28,7,15,6,7,0.5166762299948002,-0.01318583748793644,-0.013635406423988177
28,7,16,6,7,0.5166762299948002,-0.013635406423988177,-0.025630809119786335
28,7,17,6,7,0.5166762299948002,-0.025630809119786335,-0.017667107852936795
28,7,18,6,7,0.5166762299948002,-0.017667107852936795,-0.010699239853703602
28,7,19,6,7,0.5166762299948002,-0.010699239853703602,-0.017883415226464923
19,11,0,12,14,0.43238856880527876,-0.009347089373554546,-0.004328036605575731
19,11,1,12,14,0.43238856880527876,-0.004328036605575731,-0.009347089373554546
19,11,2,12,14,0.43238856880527876,-0.009347089373554546,-0.01462801646367617
19,11,3,12,14,0.43238856880527876,-0.01462801646367617,-0.01462801646367617
19,11,4,12,14,0.43238856880527876,-0.01462801646367617,-0.004328036605575731
19,11,5,12,14,0.43238856880527876,-0.004328036605575731,-0.004328036605575731
19,11,6,12,14,0.43238856880527876,-0.004328036605575731,-0.004328036605575731
19,11,7,12,14,0.43238856880527876,-0.004328036605575731,-2.381143215841206e-06
19,11,8,12,14,0.43238856880527876,-2.381143215841206e-06,-0.004328036605575731
19,11,9,12,14,0.43238856880527876,-0.004328036605575731,-2.381143215841206e-06
19,11,10,12,14,0.43238856880527876,-2.381143215841206e-06,-2.381143215841206e-06
19,11,11,12,14,0.43238856880527876,-2.381143215841206e-06,-0.013673260471820473
19,11,12,12,14,0.43238856880527876,-0.013673260471820473,-0.00865395745358096
19,11,13,12,14,0.43238856880527876,-0.00865395745358096,-2.381143215841206e-06
19,11,14,12,14,0.43238856880527876,-2.381143215841206e-06,-0.004328036605575731
19,11,15,12,14,0.43238856880527876,-0.004328036605575731,-0.009347089373554546
19,11,16,12,14,0.43238856880527876,-0.009347089373554546,-0.013673260471820473
19,11,17,12,14,0.43238856880527876,-0.013673260471820473,-2.381143215841206e-06
19,11,18,12,14,0.43238856880527876,-2.381143215841206e-06,-0.009347089373554546
19,11,19,12,14,0.43238856880527876,-0.009347089373554546,-0.004328036605575731
28,11,0,23,11,0.1165401630770625,-2.381143215841206e-06,-2.381143215841206e-06
28,11,1,23,11,0.1165401630770625,-2.381143215841206e-06,-2.381143215841206e-06
28,11,2,23,11,0.1165401630770625,-2.381143215841206e-06,-2.381143215841206e-06
28,11,3,23,11,0.1165401630770625,-2.381143215841206e-06,-2.381143215841206e-06
28,11,4,23,11,0.1165401630770625,-2.381143215841206e-06,-2.381143215841206e-06
28,11,5,23,11,0.1165401630770625,-2.381143215841206e-06,-2.381143215841206e-06
28,11,6,23,11,0.1165401630770625,-2.381143215841206e-06,-2.381143215841206e-06
28,11,7,23,11,0.1165401630770625,-2.381143215841206e-06,-2.381143215841206e-06
28,11,8,23,11,0.1165401630770625,-2.381143215841206e-06,-2.381143215841206e-06
28,11,9,23,11,0.1165401630770625,-2.381143215841206e-06,-2.381143215841206e-06
28,11,10,23,11,0.1165401630770625,-2.381143215841206e-06,-2.381143215841206e-06
28,11,11,23,11,0.1165401630770625,-2.381143215841206e-06,-2.381143215841206e-06
28,11,12,23,11,0.1165401630770625,-2.381143215841206e-06,-2.381143215841206e-06
28,11,13,23,11,0.1165401630770625,-2.381143215841206e-06,-2.381143215841206e-06
28,11,14,23,11,0.1165401630770625,-2.381143215841206e-06,-2.381143215841206e-06
28,11,15,23,11,0.1165401630770625,-2.381143215841206e-06,-2.381143215841206e-06
28,11,16,23,11,0.1165401630770625,-2.381143215841206e-06,-2.381143215841206e-06
28,11,17,23,11,0.1165401630770625,-2.381143215841206e-06,-2.381143215841206e-06
28,11,18,23,11,0.1165401630770625,-2.381143215841206e-06,-2.381143215841206e-06
28,11,19,23,11,0.1165401630770625,-2.381143215841206e-06,-2.381143215841206e-06
9,11,0,99,17,0.5148589814384776,-0.018954437937515903,-0.00865395745358096
9,11,1,99,17,0.5148589814384776,-0.00865395745358096,-0.009347089373554546
9,11,2,99,17,0.5148589814384776,-0.009347089373554546,-2.381143215841206e-06
9,11,3,99,17,0.5148589814384776,-2.381143215841206e-06,-0.017999681945660206
9,11,4,99,17,0.5148589814384776,-0.017999681945660206,-0.009347089373554546
9,11,5,99,17,0.5148589814384776,-0.009347089373554546,-0.01462801646367617
9,11,6,99,17,0.5148589814384776,-0.01462801646367617,-0.004328036605575731
9,11,7,99,17,0.5148589814384776,-0.004328036605575731,-2.381143215841206e-06
9,11,8,99,17,0.5148589814384776,-2.381143215841206e-06,-2.381143215841206e-06
9,11,9,99,17,0.5148589814384776,-2.381143215841206e-06,-0.004328036605575731
9,11,10,99,17,0.5148589814384776,-0.004328036605575731,-2.381143215841206e-06
9,11,11,99,17,0.5148589814384776,-2.381143215841206e-06,-2.381143215841206e-06
9,11,12,99,17,0.5148589814384776,-2.381143215841206e-06,-2.381143215841206e-06
9,11,13,99,17,0.5148589814384776,-2.381143215841206e-06,-2.381143215841206e-06
9,11,14,99,17,0.5148589814384776,-2.381143215841206e-06,-2.381143215841206e-06
9,11,15,99,17,0.5148589814384776,-2.381143215841206e-06,-0.004328036605575731
9,11,16,99,17,0.5148589814384776,-0.004328036605575731,-0.004328036605575731
9,11,17,99,17,0.5148589814384776,-0.004328036605575731,-2.381143215841206e-06
9,11,18,99,17,0.5148589814384776,-2.381143215841206e-06,-2.381143215841206e-06
9,11,19,99,17,0.5148589814384776,-2.381143215841206e-06,-2.381143215841206e-06
8,9,0,26,2,0.8510200385554119,-0.11337568626730711,-0.08196913101092934
8,9,1,26,2,0.8510200385554119,-0.08196913101092934,-0.06938738412417063
8,9,2,26,2,0.8510200385554119,-0.06938738412417063,-0.05492902044997388
8,9,3,26,2,0.8510200385554119,-0.05492902044997388,-0.07611939668543348
8,9,4,26,2,0.8510200385554119,-0.07611939668543348,-0.07652381624267232
8,9,5,26,2,0.8510200385554119,-0.07652381624267232,-0.07502785766243442
8,9,6,26,2,0.8510200385554119,-0.07502785766243442,-0.10015583612316652
8,9,7,26,2,0.8510200385554119,-0.10015583612316652,-0.08199969785781955
8,9,8,26,2,0.8510200385554119,-0.08199969785781955,-0.06578210001250281
8,9,9,26,2,0.8510200385554119,-0.06578210001250281,-0.09797051885053423
8,9,10,26,2,0.8510200385554119,-0.09797051885053423,-0.05867361183325421
8,9,11,26,2,0.8510200385554119,-0.05867361183325421,-0.05395831201679157
8,9,12,26,2,0.8510200385554119,-0.05395831201679157,-0.03978591122275351
8,9,13,26,2,0.8510200385554119,-0.03978591122275351,-0.061814681960562924
8,9,14,26,2,0.8510200385554119,-0.061814681960562924,-0.08823803686065679
8,9,15,26,2,0.8510200385554119,-0.08823803686065679,-0.07591078903858786
8,9,16,26,2,0.8510200385554119,-0.07591078903858786,-0.08199969785781955
8,9,17,26,2,0.8510200385554119,-0.08199969785781955,-0.07109431296878974
8,9,18,26,2,0.8510200385554119,-0.07109431296878974,-0.0916738841519387
8,9,19,26,2,0.8510200385554119,-0.0916738841519387,-0.0820353928402594
19,9,0,35,6,0.6332201393199357,-0.02388607585900987,-0.028516161959736712
19,9,1,35,6,0.6332201393199357,-0.028516161959736712,-0.012782808685446588
19,9,2,35,6,0.6332201393199357,-0.012782808685446588,-0.009243898180549126
19,9,3,35,6,0.6332201393199357,-0.009243898180549126,-0.011180726485147532
19,9,4,35,6,0.6332201393199357,-0.011180726485147532,-0.006601761632518289
19,9,5,35,6,0.6332201393199357,-0.006601761632518289,-0.0018519546355684328
19,9,6,35,6,0.6332201393199357,-0.0018519546355684328,-0.0007707650329094928
19,9,7,35,6,0.6332201393199357,-0.0007707650329094928,-0.00037308554574924684
19,9,8,35,6,0.6332201393199357,-0.00037308554574924684,-0.0001019923292093014
19,9,9,35,6,0.6332201393199357,-0.0001019923292093014,-0.0007707650329094928
19,9,10,35,6,0.6332201393199357,-0.0007707650329094928,-0.0007707650329094928
19,9,11,35,6,0.6332201393199357,-0.0007707650329094928,-0.0001019923292093014
19,9,12,35,6,0.6332201393199357,-0.0001019923292093014,-0.0007707650329094928
19,9,13,35,6,0.6332201393199357,-0.0007707650329094928,-0.0012693727143999593
19,9,14,35,6,0.6332201393199357,-0.0012693727143999593,-0.0030129619191155057
19,9,15,35,6,0.6332201393199357,-0.0030129619191155057,-0.0018519546355684328
19,9,16,35,6,0.6332201393199357,-0.0018519546355684328,-0.0001019923292093014
19,9,17,35,6,0.6332201393199357,-0.0001019923292093014,-0.00037308554574924684
19,9,18,35,6,0.6332201393199357,-0.00037308554574924684,-0.0001019923292093014
19,9,19,35,6,0.6332201393199357,-0.0001019923292093014,-0.0012693727143999593
34,2,0,42,6,0.48351733692264975,-0.01227948111667444,-0.012542783957343902
34,2,1,42,6,0.48351733692264975,-0.012542783957343902,-0.013395176615928645
34,2,2,42,6,0.48351733692264975,-0.013395176615928645,-0.013111480849446869
34,2,3,42,6,0.48351733692264975,-0.013111480849446869,-0.01076850171242961
34,2,4,42,6,0.48351733692264975,-0.01076850171242961,-0.010313124502198087
34,2,5,42,6,0.48351733692264975,-0.010313124502198087,-0.012279405280742842
34,2,6,42,6,0.48351733692264975,-0.012279405280742842,-0.014354245017510066
34,2,7,42,6,0.48351733692264975,-0.014354245017510066,-0.011709547975717499
34,2,8,42,6,0.48351733692264975,-0.011709547975717499,-0.01152889897472374
34,2,9,42,6,0.48351733692264975,-0.01152889897472374,-0.012105672267471399
34,2,10,42,6,0.48351733692264975,-0.012105672267471399,-0.013814181806319197
34,2,11,42,6,0.48351733692264975,-0.013814181806319197,-0.011263232988057722
34,2,12,42,6,0.48351733692264975,-0.011263232988057722,-0.013936489484365143
34,2,13,42,6,0.48351733692264975,-0.013936489484365143,-0.014828015217921089
34,2,14,42,6,0.48351733692264975,-0.014828015217921089,-0.012532815448260534
34,2,15,42,6,0.48351733692264975,-0.012532815448260534,-0.013808463618095559
34,2,16,42,6,0.48351733692264975,-0.013808463618095559,-0.009508011780759601
34,2,17,42,6,0.48351733692264975,-0.009508011780759601,-0.012433056927484398
34,2,18,42,6,0.48351733692264975,-0.012433056927484398,-0.014363493804376874
34,2,19,42,6,0.48351733692264975,-0.014363493804376874,-0.010011936747855311
36,2,0,89,6,0.8249110033764492,-0.009999718924844402,-0.012842419012223572
36,2,1,89,6,0.8249110033764492,-0.012842419012223572,-0.012982158804170417
36,2,2,89,6,0.8249110033764492,-0.012982158804170417,-0.01029234575561695
36,2,3,89,6,0.8249110033764492,-0.01029234575561695,-0.01258596456052664
36,2,4,89,6,0.8249110033764492,-0.01258596456052664,-0.013591667631470478
36,2,5,89,6,0.8249110033764492,-0.013591667631470478,-0.011373017336030057
36,2,6,89,6,0.8249110033764492,-0.011373017336030057,-0.012729895491145417
36,2,7,89,6,0.8249110033764492,-0.012729895491145417,-0.011429026123555891
36,2,8,89,6,0.8249110033764492,-0.011429026123555891,-0.010635193934912229
36,2,9,89,6,0.8249110033764492,-0.010635193934912229,-0.00893225316301548
36,2,10,89,6,0.8249110033764492,-0.00893225316301548,-0.012773877551816071
36,2,11,89,6,0.8249110033764492,-0.012773877551816071,-0.010226677791338665
36,2,12,89,6,0.8249110033764492,-0.010226677791338665,-0.012252263349230706
36,2,13,89,6,0.8249110033764492,-0.012252263349230706,-0.008580986832703906
36,2,14,89,6,0.8249110033764492,-0.008580986832703906,-0.013415842181739053
36,2,15,89,6,0.8249110033764492,-0.013415842181739053,-0.011716069007640198
36,2,16,89,6,0.8249110033764492,-0.011716069007640198,-0.011535618219424565
36,2,17,89,6,0.8249110033764492,-0.011535618219424565,-0.01047224610387624
36,2,18,89,6,0.8249110033764492,-0.01047224610387624,-0.011923230827044226
36,2,19,89,6,0.8249110033764492,-0.011923230827044226,-0.012562407162598857
24,8,0,52,21,0.33875709441352664,-0.019427296665400526,-0.012278854725373161
24,8,1,52,21,0.33875709441352664,-0.012278854725373161,-0.011886215487608385
24,8,2,52,21,0.33875709441352664,-0.011886215487608385,-0.00192732546259316
24,8,3,52,21,0.33875709441352664,-0.00192732546259316,-0.006462308328893991
24,8,4,52,21,0.33875709441352664,-0.006462308328893991,-0.00271353394459358
24,8,5,52,21,0.33875709441352664,-0.00271353394459358,-0.0033149794540695554
24,8,6,52,21,0.33875709441352664,-0.0033149794540695554,-0.0028354792902757853
24,8,7,52,21,0.33875709441352664,-0.0028354792902757853,-0.003558520670974741
24,8,8,52,21,0.33875709441352664,-0.003558520670974741,-0.002995184545571866
24,8,9,52,21,0.33875709441352664,-0.002995184545571866,-0.001162587794067213
24,8,10,52,21,0.33875709441352664,-0.001162587794067213,-0.0033956826372066144
24,8,11,52,21,0.33875709441352664,-0.0033956826372066144,-0.0006732707500077892
24,8,12,52,21,0.33875709441352664,-0.0006732707500077892,-0.0006732707500077892
24,8,13,52,21,0.33875709441352664,-0.0006732707500077892,-0.001119056151414335
24,8,14,52,21,0.33875709441352664,-0.001119056151414335,-0.00015001210210370474
24,8,15,52,21,0.33875709441352664,-0.00015001210210370474,-0.001196412731242396
24,8,16,52,21,0.33875709441352664,-0.001196412731242396,-0.00015767082833079903
24,8,17,52,21,0.33875709441352664,-0.00015767082833079903,-0.000576687809375714
24,8,18,52,21,0.33875709441352664,-0.000576687809375714,-3.070609053804672e-05
24,8,19,52,21,0.33875709441352664,-3.070609053804672e-05,-0.00038058857021237543
28,3,0,74,17,0.28056086901251864,-0.009230076559919718,-0.008503529733620448
28,3,1,74,17,0.28056086901251864,-0.008503529733620448,-0.009311722953977987
28,3,2,74,17,0.28056086901251864,-0.009311722953977987,-0.00839721081200544
28,3,3,74,17,0.28056086901251864,-0.00839721081200544,-0.008157453075055306
28,3,4,74,17,0.28056086901251864,-0.008157453075055306,-0.009146892185013454
28,3,5,74,17,0.28056086901251864,-0.009146892185013454,-0.007289526909240995
28,3,6,74,17,0.28056086901251864,-0.007289526909240995,-0.00832854109523897
28,3,7,74,17,0.28056086901251864,-0.00832854109523897,-0.008766929450183251
28,3,8,74,17,0.28056086901251864,-0.008766929450183251,-0.0077164413428624234
28,3,9,74,17,0.28056086901251864,-0.0077164413428624234,-0.007292383702933822
28,3,10,74,17,0.28056086901251864,-0.007292383702933822,-0.009473656786792193
28,3,11,74,17,0.28056086901251864,-0.009473656786792193,-0.007772860392493954
28,3,12,74,17,0.28056086901251864,-0.007772860392493954,-0.008975611900580872
28,3,13,74,17,0.28056086901251864,-0.008975611900580872,-0.008274407916495224
28,3,14,74,17,0.28056086901251864,-0.008274407916495224,-0.009322420696086377
28,3,15,74,17,0.28056086901251864,-0.009322420696086377,-0.009083619366137748
28,3,16,74,17,0.28056086901251864,-0.009083619366137748,-0.008346065291763658
28,3,17,74,17,0.28056086901251864,-0.008346065291763658,-0.008162070715259767
28,3,18,74,17,0.28056086901251864,-0.008162070715259767,-0.007867447413315342
28,3,19,74,17,0.28056086901251864,-0.007867447413315342,-0.009835341573108222
19,9,0,82,7,0.9527747233431517,-0.022614552232458215,-0.020133114768743555
19,9,1,82,7,0.9527747233431517,-0.020133114768743555,-0.003997224772722173
19,9,2,82,7,0.9527747233431517,-0.003997224772722173,-0.003997224772722173
19,9,3,82,7,0.9527747233431517,-0.003997224772722173,-0.0018519546355684328
19,9,4,82,7,0.9527747233431517,-0.0018519546355684328,-0.0018519546355684328
19,9,5,82,7,0.9527747233431517,-0.0018519546355684328,-0.0007707650329094928
19,9,6,82,7,0.9527747233431517,-0.0007707650329094928,-0.0018519546355684328
19,9,7,82,7,0.9527747233431517,-0.0018519546355684328,-0.0001019923292093014
19,9,8,82,7,0.9527747233431517,-0.0001019923292093014,-1.0485250384955198e-06
19,9,9,82,7,0.9527747233431517,-1.0485250384955198e-06,-0.00037308554574924684
19,9,10,82,7,0.9527747233431517,-0.00037308554574924684,-0.0025064609658368778
19,9,11,82,7,0.9527747233431517,-0.0025064609658368778,-0.0007707650329094928
19,9,12,82,7,0.9527747233431517,-0.0007707650329094928,-0.0018519546355684328
19,9,13,82,7,0.9527747233431517,-0.0018519546355684328,-0.0007707650329094928
19,9,14,82,7,0.9527747233431517,-0.0007707650329094928,-0.00037308554574924684
19,9,15,82,7,0.9527747233431517,-0.00037308554574924684,-0.0032238820863997046
19,9,16,82,7,0.9527747233431517,-0.0032238820863997046,-0.0018519546355684328
19,9,17,82,7,0.9527747233431517,-0.0018519546355684328,-0.0025064609658368778
19,9,18,82,7,0.9527747233431517,-0.0025064609658368778,-0.0025064609658368778
19,9,19,82,7,0.9527747233431517,-0.0025064609658368778,-0.0018519546355684328
16,3,0,85,8,0.5056205749145312,-0.012592497062546813,-0.010139312497903221
16,3,1,85,8,0.5056205749145312,-0.010139312497903221,-0.007179479273097276
16,3,2,85,8,0.5056205749145312,-0.007179479273097276,-0.00879262256415269
16,3,3,85,8,0.5056205749145312,-0.00879262256415269,-0.008267366052132243
16,3,4,85,8,0.5056205749145312,-0.008267366052132243,-0.009845029367084705
16,3,5,85,8,0.5056205749145312,-0.009845029367084705,-0.007875192974424936
16,3,6,85,8,0.5056205749145312,-0.007875192974424936,-0.008508759159603717
16,3,7,85,8,0.5056205749145312,-0.008508759159603717,-0.00856672583903343
16,3,8,85,8,0.5056205749145312,-0.00856672583903343,-0.00853321220495291
16,3,9,85,8,0.5056205749145312,-0.00853321220495291,-0.008238276648090452
16,3,10,85,8,0.5056205749145312,-0.008238276648090452,-0.009582266789407117
16,3,11,85,8,0.5056205749145312,-0.009582266789407117,-0.009528550226605557
16,3,12,85,8,0.5056205749145312,-0.009528550226605557,-0.0075592664034682885
16,3,13,85,8,0.5056205749145312,-0.0075592664034682885,-0.009727247432865658
16,3,14,85,8,0.5056205749145312,-0.009727247432865658,-0.008753473872574857
16,3,15,85,8,0.5056205749145312,-0.008753473872574857,-0.009591909813841849
16,3,16,85,8,0.5056205749145312,-0.009591909813841849,-0.009905948544759118
16,3,17,85,8,0.5056205749145312,-0.009905948544759118,-0.007467274367550936
16,3,18,85,8,0.5056205749145312,-0.007467274367550936,-0.00901648794373194
16,3,19,85,8,0.5056205749145312,-0.00901648794373194,-0.0061480010878622445
29,3,0,16,8,0.9121716496035707,-0.009979445567320161,-0.010406036333479588
29,3,1,16,8,0.9121716496035707,-0.010406036333479588,-0.012216808872781938
29,3,2,16,8,0.9121716496035707,-0.012216808872781938,-0.007516108120086518
29,3,3,16,8,0.9121716496035707,-0.007516108120086518,-0.007881759670308379
29,3,4,16,8,0.9121716496035707,-0.007881759670308379,-0.010334933474185147
29,3,5,16,8,0.9121716496035707,-0.010334933474185147,-0.010306091641942804
29,3,6,16,8,0.9121716496035707,-0.010306091641942804,-0.00902102512581053
29,3,7,16,8,0.9121716496035707,-0.00902102512581053,-0.008466039501216351
29,3,8,16,8,0.9121716496035707,-0.008466039501216351,-0.011548705958829198
29,3,9,16,8,0.9121716496035707,-0.011548705958829198,-0.008744690917831921
29,3,10,16,8,0.9121716496035707,-0.008744690917831921,-0.010433687931426057
29,3,11,16,8,0.9121716496035707,-0.010433687931426057,-0.009117244236110562
29,3,12,16,8,0.9121716496035707,-0.009117244236110562,-0.008637678933954217
29,3,13,16,8,0.9121716496035707,-0.008637678933954217,-0.007691400209497975
29,3,14,16,8,0.9121716496035707,-0.007691400209497975,-0.009777837842736257
29,3,15,16,8,0.9121716496035707,-0.009777837842736257,-0.009309491043838509
29,3,16,16,8,0.9121716496035707,-0.009309491043838509,-0.010026935326393979
29,3,17,16,8,0.9121716496035707,-0.010026935326393979,-0.009024904042215988
29,3,18,16,8,0.9121716496035707,-0.009024904042215988,-0.008977910527596897
29,3,19,16,8,0.9121716496035707,-0.008977910527596897,-0.010042681339938077
26,2,0,42,14,0.04385810289185943,-0.010952640934699281,-0.011447044688549313
26,2,1,42,14,0.04385810289185943,-0.011447044688549313,-0.012212484697395314
26,2,2,42,14,0.04385810289185943,-0.012212484697395314,-0.01382678873047753
26,2,3,42,14,0.04385810289185943,-0.01382678873047753,-0.011744179371485761
26,2,4,42,14,0.04385810289185943,-0.011744179371485761,-0.013559731491715315
26,2,5,42,14,0.04385810289185943,-0.013559731491715315,-0.012247913776214047
26,2,6,42,14,0.04385810289185943,-0.012247913776214047,-0.01292193929804991
26,2,7,42,14,0.04385810289185943,-0.01292193929804991,-0.012695924694077994
26,2,8,42,14,0.04385810289185943,-0.012695924694077994,-0.013409694975308065
26,2,9,42,14,0.04385810289185943,-0.013409694975308065,-0.012993658386934151
26,2,10,42,14,0.04385810289185943,-0.012993658386934151,-0.012266945012367919
26,2,11,42,14,0.04385810289185943,-0.012266945012367919,-0.013306711626130627
26,2,12,42,14,0.04385810289185943,-0.013306711626130627,-0.01207902792575785
26,2,13,42,14,0.04385810289185943,-0.01207902792575785,-0.012799935583442775
26,2,14,42,14,0.04385810289185943,-0.012799935583442775,-0.01109328232852596
26,2,15,42,14,0.04385810289185943,-0.01109328232852596,-0.013078207588330714
26,2,16,42,14,0.04385810289185943,-0.013078207588330714,-0.013029609035017146
26,2,17,42,14,0.04385810289185943,-0.013029609035017146,-0.013847421582041988
26,2,18,42,14,0.04385810289185943,-0.013847421582041988,-0.011325614272016211
26,2,19,42,14,0.04385810289185943,-0.011325614272016211,-0.011919400710360897
7,2,0,101,9,0.9891973534822535,-0.014886735210510716,-0.013485201030506695
7,2,1,101,9,0.9891973534822535,-0.013485201030506695,-0.012838913179240118
7,2,2,101,9,0.9891973534822535,-0.012838913179240118,-0.010995749663109655
7,2,3,101,9,0.9891973534822535,-0.010995749663109655,-0.013366060560529205
7,2,4,101,9,0.9891973534822535,-0.013366060560529205,-0.011930221440879197
7,2,5,101,9,0.9891973534822535,-0.011930221440879197,-0.013283872281337393
7,2,6,101,9,0.9891973534822535,-0.013283872281337393,-0.012829136330273374
7,2,7,101,9,0.9891973534822535,-0.012829136330273374,-0.012754656073219595
7,2,8,101,9,0.9891973534822535,-0.012754656073219595,-0.013475145355789739
7,2,9,101,9,0.9891973534822535,-0.013475145355789739,-0.010955398132154147
7,2,10,101,9,0.9891973534822535,-0.010955398132154147,-0.01389495786439504
7,2,11,101,9,0.9891973534822535,-0.01389495786439504,-0.012413503494179716
7,2,12,101,9,0.9891973534822535,-0.012413503494179716,-0.01341275185219676
7,2,13,101,9,0.9891973534822535,-0.01341275185219676,-0.013475177972374606
7,2,14,101,9,0.9891973534822535,-0.013475177972374606,-0.011344577179732022
7,2,15,101,9,0.9891973534822535,-0.011344577179732022,-0.012615017741954797
7,2,16,101,9,0.9891973534822535,-0.012615017741954797,-0.013896101668219266
7,2,17,101,9,0.9891973534822535,-0.013896101668219266,-0.013186241150990865
7,2,18,101,9,0.9891973534822535,-0.013186241150990865,-0.014351108744572525
7,2,19,101,9,0.9891973534822535,-0.014351108744572525,-0.012096610719649714
27,9,0,98,14,0.08102142394515821,-0.007243526277450712,-0.0025064609658368778
27,9,1,98,14,0.08102142394515821,-0.0025064609658368778,-0.0025064609658368778
27,9,2,98,14,0.08102142394515821,-0.0025064609658368778,-0.00037308554574924684
27,9,3,98,14,0.08102142394515821,-0.00037308554574924684,-1.0485250384955198e-06
27,9,4,98,14,0.08102142394515821,-1.0485250384955198e-06,-1.0485250384955198e-06
27,9,5,98,14,0.08102142394515821,-1.0485250384955198e-06,-1.0485250384955198e-06
27,9,6,98,14,0.08102142394515821,-1.0485250384955198e-06,-0.0001019923292093014
27,9,7,98,14,0.08102142394515821,-0.0001019923292093014,-1.0485250384955198e-06
27,9,8,98,14,0.08102142394515821,-1.0485250384955198e-06,-1.0485250384955198e-06
27,9,9,98,14,0.08102142394515821,-1.0485250384955198e-06,-1.0485250384955198e-06
27,9,10,98,14,0.08102142394515821,-1.0485250384955198e-06,-1.0485250384955198e-06
27,9,11,98,14,0.08102142394515821,-1.0485250384955198e-06,-1.0485250384955198e-06
27,9,12,98,14,0.08102142394515821,-1.0485250384955198e-06,-1.0485250384955198e-06
27,9,13,98,14,0.08102142394515821,-1.0485250384955198e-06,-1.0485250384955198e-06
27,9,14,98,14,0.08102142394515821,-1.0485250384955198e-06,-1.0485250384955198e-06
27,9,15,98,14,0.08102142394515821,-1.0485250384955198e-06,-0.0001019923292093014
27,9,16,98,14,0.08102142394515821,-0.0001019923292093014,-1.0485250384955198e-06
27,9,17,98,14,0.08102142394515821,-1.0485250384955198e-06,-1.0485250384955198e-06
27,9,18,98,14,0.08102142394515821,-1.0485250384955198e-06,-1.0485250384955198e-06
27,9,19,98,14,0.08102142394515821,-1.0485250384955198e-06,-1.0485250384955198e-06
4,6,0,85,10,0.9155773905187009,-0.25599413359229095,-0.24316555961903705
4,6,1,85,10,0.9155773905187009,-0.24316555961903705,-0.22777427024742383
4,6,2,85,10,0.9155773905187009,-0.22777427024742383,-0.21175911524076094
4,6,3,85,10,0.9155773905187009,-0.21175911524076094,-0.20638995873077068
4,6,4,85,10,0.9155773905187009,-0.20638995873077068,-0.1983678319175742
4,6,5,85,10,0.9155773905187009,-0.1983678319175742,-0.18759074376752802
4,6,6,85,10,0.9155773905187009,-0.18759074376752802,-0.1888713512954936
4,6,7,85,10,0.9155773905187009,-0.1888713512954936,-0.20083553374596286
4,6,8,85,10,0.9155773905187009,-0.20083553374596286,-0.18870835429679012
4,6,9,85,10,0.9155773905187009,-0.18870835429679012,-0.17636876226074985
4,6,10,85,10,0.9155773905187009,-0.17636876226074985,-0.17749893332819042
4,6,11,85,10,0.9155773905187009,-0.17749893332819042,-0.19527705733805353
4,6,12,85,10,0.9155773905187009,-0.19527705733805353,-0.16935682983156383
4,6,13,85,10,0.9155773905187009,-0.16935682983156383,-0.18665779294505136
4,6,14,85,10,0.9155773905187009,-0.18665779294505136,-0.18774652833389086
4,6,15,85,10,0.9155773905187009,-0.18774652833389086,-0.1932109733927622
4,6,16,85,10,0.9155773905187009,-0.1932109733927622,-0.15086862009506824
4,6,17,85,10,0.9155773905187009,-0.15086862009506824,-0.18868398410987444
4,6,18,85,10,0.9155773905187009,-0.18868398410987444,-0.18442872979046865
4,6,19,85,10,0.9155773905187009,-0.18442872979046865,-0.17710659986739571
21,10,0,70,17,0.6991745103507224,-0.01319570078583204,-0.002606159865442672
21,10,1,70,17,0.6991745103507224,-0.002606159865442672,-0.002606159865442672
21,10,2,70,17,0.6991745103507224,-0.002606159865442672,-0.002606159865442672
21,10,3,70,17,0.6991745103507224,-0.002606159865442672,-1.0095498168700696e-06
21,10,4,70,17,0.6991745103507224,-1.0095498168700696e-06,-1.0095498168700696e-06
21,10,5,70,17,0.6991745103507224,-1.0095498168700696e-06,-1.0095498168700696e-06
21,10,6,70,17,0.6991745103507224,-1.0095498168700696e-06,-1.0095498168700696e-06
21,10,7,70,17,0.6991745103507224,-1.0095498168700696e-06,-1.0095498168700696e-06
21,10,8,70,17,0.6991745103507224,-1.0095498168700696e-06,-1.0095498168700696e-06
21,10,9,70,17,0.6991745103507224,-1.0095498168700696e-06,-1.0095498168700696e-06
21,10,10,70,17,0.6991745103507224,-1.0095498168700696e-06,-1.0095498168700696e-06
21,10,11,70,17,0.6991745103507224,-1.0095498168700696e-06,-1.0095498168700696e-06
21,10,12,70,17,0.6991745103507224,-1.0095498168700696e-06,-1.0095498168700696e-06
21,10,13,70,17,0.6991745103507224,-1.0095498168700696e-06,-1.0095498168700696e-06
21,10,14,70,17,0.6991745103507224,-1.0095498168700696e-06,-1.0095498168700696e-06
21,10,15,70,17,0.6991745103507224,-1.0095498168700696e-06,-1.0095498168700696e-06
21,10,16,70,17,0.6991745103507224,-1.0095498168700696e-06,-1.0095498168700696e-06
21,10,17,70,17,0.6991745103507224,-1.0095498168700696e-06,-1.0095498168700696e-06
21,10,18,70,17,0.6991745103507224,-1.0095498168700696e-06,-1.0095498168700696e-06
21,10,19,70,17,0.6991745103507224,-1.0095498168700696e-06,-1.0095498168700696e-06
20,4,0,101,17,0.4892584967631629,-0.011116064796858565,-0.005472627338415955
20,4,1,101,17,0.4892584967631629,-0.005472627338415955,-0.0061403367010234985
20,4,2,101,17,0.4892584967631629,-0.0061403367010234985,-0.00513524381113394
20,4,3,101,17,0.4892584967631629,-0.00513524381113394,-0.004738601281203003
20,4,4,101,17,0.4892584967631629,-0.004738601281203003,-0.005375590297814271
20,4,5,101,17,0.4892584967631629,-0.005375590297814271,-0.004705781567428463
20,4,6,101,17,0.4892584967631629,-0.004705781567428463,-0.00395436010638059
20,4,7,101,17,0.4892584967631629,-0.00395436010638059,-0.003996968682680677
20,4,8,101,17,0.4892584967631629,-0.003996968682680677,-0.004083769143178915
20,4,9,101,17,0.4892584967631629,-0.004083769143178915,-0.0049117350742825866
20,4,10,101,17,0.4892584967631629,-0.0049117350742825866,-0.004076043842873688
20,4,11,101,17,0.4892584967631629,-0.004076043842873688,-0.004564371400091564
20,4,12,101,17,0.4892584967631629,-0.004564371400091564,-0.004360966278866005
20,4,13,101,17,0.4892584967631629,-0.004360966278866005,-0.0043987123898022356
20,4,14,101,17,0.4892584967631629,-0.0043987123898022356,-0.003961794035259308
20,4,15,101,17,0.4892584967631629,-0.003961794035259308,-0.005111022267136392
20,4,16,101,17,0.4892584967631629,-0.005111022267136392,-0.004245943460654177
20,4,17,101,17,0.4892584967631629,-0.004245943460654177,-0.005678605871459886
20,4,18,101,17,0.4892584967631629,-0.005678605871459886,-0.005007582323797025
20,4,19,101,17,0.4892584967631629,-0.005007582323797025,-0.00445772271023809
40,4,0,65,20,0.4416454640348022,-0.004694311370951902,-0.0048954661142356646
40,4,1,65,20,0.4416454640348022,-0.0048954661142356646,-0.004368725413103294
40,4,2,65,20,0.4416454640348022,-0.004368725413103294,-0.004370978451371422
40,4,3,65,20,0.4416454640348022,-0.004370978451371422,-0.0055970973201723015
40,4,4,65,20,0.4416454640348022,-0.0055970973201723015,-0.004024888041797751
40,4,5,65,20,0.4416454640348022,-0.004024888041797751,-0.005396638839338784
40,4,6,65,20,0.4416454640348022,-0.005396638839338784,-0.00530786529712183
40,4,7,65,20,0.4416454640348022,-0.00530786529712183,-0.005397513976560414
40,4,8,65,20,0.4416454640348022,-0.005397513976560414,-0.004061909030713651
40,4,9,65,20,0.4416454640348022,-0.004061909030713651,-0.00353216350991098
40,4,10,65,20,0.4416454640348022,-0.00353216350991098,-0.004767878312179336
40,4,11,65,20,0.4416454640348022,-0.004767878312179336,-0.004827860653876231
40,4,12,65,20,0.4416454640348022,-0.004827860653876231,-0.004386978044766467
40,4,13,65,20,0.4416454640348022,-0.004386978044766467,-0.005228870313207569
40,4,14,65,20,0.4416454640348022,-0.005228870313207569,-0.004285461834078148
40,4,15,65,20,0.4416454640348022,-0.004285461834078148,-0.004323201039241924
40,4,16,65,20,0.4416454640348022,-0.004323201039241924,-0.005295771910083849
40,4,17,65,20,0.4416454640348022,-0.005295771910083849,-0.004842056977463772
40,4,18,65,20,0.4416454640348022,-0.004842056977463772,-0.0037600669891629684
40,4,19,65,20,0.4416454640348022,-0.0037600669891629684,-0.00543017258977143
39,5,0,17,8,0.7119339132956063,-0.0065425290181622756,-0.003953607807294498
39,5,1,17,8,0.7119339132956063,-0.003953607807294498,-0.004849664320985212
39,5,2,17,8,0.7119339132956063,-0.004849664320985212,-0.0033912663103151867
39,5,3,17,8,0.7119339132956063,-0.0033912663103151867,-0.002581093063548219
39,5,4,17,8,0.7119339132956063,-0.002581093063548219,-0.002260377894546555
39,5,5,17,8,0.7119339132956063,-0.002260377894546555,-0.0021803359728488118
39,5,6,17,8,0.7119339132956063,-0.0021803359728488118,-0.0023794263685214833
39,5,7,17,8,0.7119339132956063,-0.0023794263685214833,-0.003467578614189414
39,5,8,17,8,0.7119339132956063,-0.003467578614189414,-0.0039920842266911215
39,5,9,17,8,0.7119339132956063,-0.0039920842266911215,-0.003544393963816593
39,5,10,17,8,0.7119339132956063,-0.003544393963816593,-0.00398652076920133
39,5,11,17,8,0.7119339132956063,-0.00398652076920133,-0.0020830484443221937
39,5,12,17,8,0.7119339132956063,-0.0020830484443221937,-0.0031297767559197854
39,5,13,17,8,0.7119339132956063,-0.0031297767559197854,-0.0026830298907821837
39,5,14,17,8,0.7119339132956063,-0.0026830298907821837,-0.0027798873294018023
39,5,15,17,8,0.7119339132956063,-0.0027798873294018023,-0.0032792079705259137
39,5,16,17,8,0.7119339132956063,-0.0032792079705259137,-0.0024670887160297673
39,5,17,17,8,0.7119339132956063,-0.0024670887160297673,-0.002331849345068775
39,5,18,17,8,0.7119339132956063,-0.002331849345068775,-0.0018116451819915336
39,5,19,17,8,0.7119339132956063,-0.0018116451819915336,-0.004351650502927495
